Item_Identifier,Outlet_Identifier,Item_Outlet_Sales
FDW58,OUT049,1634.8303583477548
FDW14,OUT017,1374.5800270615396
NCN55,OUT010,606.2742769699261
FDQ58,OUT017,2474.922615905025
FDY38,OUT027,5839.267567154909
FDH56,OUT046,1896.5352443585552
FDL48,OUT018,639.129461229323
FDC48,OUT027,2245.174416137869
FDN33,OUT045,1525.4755564109746
FDA36,OUT017,3144.4969400087466
FDT44,OUT017,1896.5352443585552
FDQ56,OUT045,1365.0799458403305
NCC54,OUT019,606.2742769699261
FDU11,OUT049,2035.0433022378409
DRL59,OUT013,845.9877842141441
FDM24,OUT049,2474.922615905025
FDI57,OUT045,3167.744925640111
DRC12,OUT018,2822.6946660894596
NCM42,OUT027,2797.650714642625
FDA46,OUT010,548.9452645019743
FDA31,OUT013,2835.292591016427
NCJ31,OUT035,3884.6625732192256
FDG52,OUT046,821.0404625251389
NCL19,OUT019,377.95209560517975
FDS10,OUT035,2965.0157799238086
FDX22,OUT010,607.2941189350377
NCF19,OUT035,860.4511887599635
NCE06,OUT046,2635.4550776273513
DRC27,OUT046,3878.650937946416
FDE21,OUT035,1935.94597059338
NCR42,OUT019,35.577278195406365
FDX51,OUT018,2822.6946660894596
NCR06,OUT018,559.5032898354124
FDU31,OUT027,5502.445752752667
FDU59,OUT017,2635.4550776273513
FDR03,OUT027,5502.445752752667
FDS49,OUT027,2245.174416137869
FDD48,OUT010,371.2971758391139
NCF18,OUT017,3112.6164633087997
NCD43,OUT027,2662.5107018679887
NCD54,OUT018,1858.3587173005217
FDY19,OUT010,362.62365694922045
NCY54,OUT017,2835.292591016427
NCL19,OUT018,2222.132151948715
FDP23,OUT010,607.2941189350377
FDC26,OUT013,1831.4608716149978
FDR14,OUT010,131.78137225697782
NCS41,OUT035,2465.9035854596095
FDF41,OUT035,3893.3360921091194
FDU34,OUT046,2026.3697833479475
DRH11,OUT046,943.0631708525694
FDM03,OUT013,1665.8742218399968
FDS31,OUT017,2934.2785725788776
FDJ20,OUT017,2003.9994387455988
FDV44,OUT027,5140.350473142256
FDG02,OUT049,3144.4969400087466
FDA09,OUT013,2934.2785725788776
FDT04,OUT013,732.7407722413353
FDL58,OUT019,754.2659932991305
FDE52,OUT045,1372.178691734295
FDW12,OUT035,2514.3333421398497
FDL51,OUT017,3475.70978532994
NCY42,OUT027,3318.225824152932
FDR07,OUT017,1499.429474058245
FDN40,OUT045,2431.745114977025
FDB35,OUT027,2462.8982465480017
FDA22,OUT017,2635.4550776273513
NCL06,OUT046,3980.8199762672975
FDI35,OUT013,2934.2785725788776
NCW42,OUT045,3616.2419033096994
NCX06,OUT049,2934.2785725788776
FDC37,OUT027,2662.5107018679887
FDZ14,OUT018,1838.1133331719384
DRG49,OUT049,3878.650937946416
NCG06,OUT045,3937.6424753392976
DRC36,OUT045,2792.115090088427
FDV21,OUT019,371.9845362323313
FDB53,OUT046,2474.922615905025
DRP47,OUT019,754.2659932991305
FDA14,OUT013,2474.922615905025
DRC24,OUT035,2514.3333421398497
FDW21,OUT018,1492.636739434074
NCH29,OUT046,1550.1678745561005
FDU58,OUT013,3144.4969400087466
FDY27,OUT017,2934.2785725788776
FDV56,OUT035,1705.2849480748216
FDT59,OUT046,3844.429290697427
FDB23,OUT046,3708.834333778011
FDR49,OUT045,811.5403813039298
FDB03,OUT010,606.2742769699261
FDN39,OUT045,2583.6040578094576
FDX02,OUT027,5700.918862348564
FDQ16,OUT027,2662.5107018679887
FDU35,OUT018,1453.6210507546966
NCT29,OUT013,2035.0433022378409
FDZ27,OUT046,821.0404625251389
FDN57,OUT017,2112.405262100019
FDA03,OUT018,2213.4586330588213
FDZ36,OUT045,3101.3194390807466
NCU05,OUT013,1356.3275678506145
FDT39,OUT018,2222.132151948715
FDK60,OUT017,1550.1678745561005
FDZ25,OUT017,2721.9792100269156
FDG12,OUT046,2035.0433022378409
DRB01,OUT019,-827.5983916636626
NCC43,OUT027,5960.69739052307
FDX13,OUT019,754.2659932991305
FDM22,OUT049,877.8621024506448
FDJ03,OUT027,1343.167451743894
FDU14,OUT018,3686.3645625690738
FDB33,OUT010,396.7727191406482
FDP27,OUT046,3144.4969400087466
FDO38,OUT010,258.8324176870925
FDE28,OUT027,5839.267567154909
FDO27,OUT035,1589.5786007909253
DRL23,OUT027,2662.5107018679887
FDS28,OUT046,943.0631708525694
FDX24,OUT013,1493.9953823341482
FDZ02,OUT035,1589.5786007909253
FDL46,OUT045,1844.6842245406622
FDS60,OUT027,4760.955213105862
NCO06,OUT017,699.4955994788495
FDO16,OUT035,1413.9907532963643
FDC60,OUT049,1374.5800270615396
FDA48,OUT018,3165.412948785226
FDZ36,OUT027,5140.350473142256
FDK27,OUT045,1991.8658013098411
FDW23,OUT018,559.5032898354124
FDM14,OUT018,1658.2233892090749
FDM14,OUT013,1665.8742218399968
FDW60,OUT018,2646.467922522803
FDE21,OUT013,1896.5352443585552
NCM42,OUT035,1705.2849480748216
FDY59,OUT010,358.326071062294
DRI49,OUT049,1356.3275678506145
FDT28,OUT019,375.117213466181
FDQ22,OUT018,559.5032898354124
FDR60,OUT049,1315.0441399929523
FDC50,OUT019,358.326071062294
FDV24,OUT013,2474.922615905025
DRF48,OUT010,548.9452645019743
FDQ47,OUT046,708.1691183687428
DRN36,OUT049,1550.1678745561005
NCY06,OUT035,2104.6375893749505
FDE52,OUT035,1436.2817361142456
NCB54,OUT045,2022.049362212126
NCF31,OUT035,2514.3333421398497
FDJ08,OUT027,5140.350473142256
NCC07,OUT017,1657.2007029501035
NCD19,OUT027,1659.414559947374
FDL46,OUT049,1887.861725468662
FDM20,OUT045,3835.473437018416
NCI06,OUT010,462.4919008891399
DRM11,OUT035,4078.319150932328
NCH07,OUT018,2404.2476012936804
FDS23,OUT013,2121.078780989913
FDO49,OUT018,647.8029801192164
FDS35,OUT049,1076.0894512681207
DRK39,OUT045,1346.8274866294055
DRI39,OUT049,943.0631708525694
FDV04,OUT017,2387.793536613457
NCN14,OUT035,3175.2341473536776
FDH08,OUT013,3885.932249872631
FDS20,OUT046,3144.4969400087466
FDV40,OUT049,1151.1869842076067
FDZ48,OUT010,376.44061297235913
FDS24,OUT027,2367.7236696073232
FDK44,OUT049,2835.292591016427
FDS48,OUT045,2431.745114977025
FDK26,OUT010,548.9452645019743
FDD23,OUT045,3101.3194390807466
NCH54,OUT017,2635.4550776273513
NCP14,OUT010,363.58613939430177
FDM60,OUT010,60.14893206799871
FDV24,OUT017,2474.922615905025
FDH08,OUT018,3478.3390573653514
FDS12,OUT027,3280.7224670485234
FDR39,OUT027,4760.955213105862
FDP12,OUT027,1107.1846261862277
DRF60,OUT027,5898.214786476021
FDC09,OUT035,1705.2849480748216
FDF50,OUT018,2822.6946660894596
FDG28,OUT035,3918.0616641812408
NCE19,OUT017,943.0631708525694
NCM53,OUT010,367.7670940824657
NCN18,OUT049,1831.4608716149978
FDF32,OUT035,3259.0066716928295
FDF11,OUT013,3920.15389712162
DRI59,OUT049,3717.507852667905
NCG54,OUT035,2761.3899362617403
FDM44,OUT046,1665.8742218399968
FDT57,OUT018,3512.5607046143405
FDV24,OUT046,2474.922615905025
FDI50,OUT019,734.2573720764955
FDS09,OUT035,860.4511887599635
NCC31,OUT027,3748.6248488804604
FDQ07,OUT019,607.2941189350377
FDC22,OUT017,3144.4969400087466
FDZ56,OUT046,2721.9792100269156
FDZ40,OUT019,131.78137225697782
FDS46,OUT027,2974.383047106263
DRD24,OUT045,2118.7100808266887
FDV45,OUT017,3144.4969400087466
FDL26,OUT045,2431.745114977025
FDA56,OUT018,1838.1133331719384
FDN27,OUT046,1845.7968438606997
FDM20,OUT049,3878.650937946416
FDO16,OUT017,1356.3275678506145
FDL03,OUT035,3175.2341473536776
FDE58,OUT046,1887.861725468662
FDI02,OUT027,2963.2373644176264
NCC55,OUT019,60.14893206799871
FDR03,OUT018,3165.412948785226
FDB14,OUT017,1485.3218634442549
FDR45,OUT013,4683.034878285984
NCN07,OUT017,2112.405262100019
FDM51,OUT019,363.58613939430177
FDT52,OUT027,5898.214786476021
FDL26,OUT046,2474.922615905025
NCZ42,OUT046,3820.5624895162105
DRI47,OUT019,375.117213466181
FDW40,OUT013,2161.8875817546887
FDN34,OUT046,2721.9792100269156
FDS01,OUT035,2973.6892988137024
NCG55,OUT045,1853.3577434305555
FDC11,OUT035,1560.5300657932812
FDX35,OUT018,3351.441580558827
NCB06,OUT046,2623.608993246349
FDR09,OUT019,754.2659932991305
FDC53,OUT017,1550.1678745561005
FDY45,OUT013,4080.411383872707
FDA22,OUT010,424.87401158459426
FDE02,OUT035,1589.5786007909253
FDW21,OUT045,1622.696720911997
FDV34,OUT046,1151.1869842076067
FDS59,OUT049,1665.8742218399968
NCW17,OUT017,2065.2268631401257
NCK54,OUT046,1896.5352443585552
FDG17,OUT019,630.9998490420477
FDG35,OUT017,2784.5541905185714
FDD08,OUT010,35.577278195406365
NCO07,OUT017,3506.7536488221826
FDJ10,OUT010,377.95209560517975
FDW36,OUT017,1665.8742218399968
FDW21,OUT010,363.58613939430177
FDY19,OUT017,1887.861725468662
DRE03,OUT013,812.3669436352455
NCC55,OUT049,732.7407722413353
FDH52,OUT010,210.00011260522513
FDO09,OUT017,4014.1828526253817
FDU43,OUT045,3608.337233975471
FDX09,OUT010,502.6613104707421
FDH40,OUT019,312.7744357542061
FDW58,OUT017,1634.8303583477548
FDC47,OUT017,4045.2718153428796
NCR41,OUT035,1589.5786007909253
DRG49,OUT035,3918.0616641812408
FDC52,OUT027,3748.6248488804604
FDY13,OUT046,1151.1869842076067
FDY35,OUT013,732.7407722413353
FDI35,OUT017,3144.4969400087466
NCU18,OUT049,2161.8875817546887
FDY33,OUT018,2404.2476012936804
FDC15,OUT027,4020.702350610644
FDU01,OUT049,3135.823421118853
NCU42,OUT046,2847.784233154285
NCV29,OUT018,2646.467922522803
NCY30,OUT017,3112.6164633087997
FDQ46,OUT049,1831.4608716149978
FDG58,OUT027,3748.6248488804604
FDK33,OUT017,3506.7536488221826
NCD07,OUT045,1853.3577434305555
NCX29,OUT027,3748.6248488804604
NCT42,OUT013,2474.922615905025
DRN59,OUT035,860.4511887599635
FDI44,OUT035,1354.454866227777
FDA45,OUT049,2741.590824440391
FDP31,OUT045,1015.8509695490562
FDY01,OUT046,1896.5352443585552
FDT09,OUT018,1924.14881192401
DRH03,OUT027,2560.0226190027292
FDA36,OUT018,2822.6946660894596
NCF31,OUT017,2474.922615905025
FDG14,OUT049,2616.787364165795
FDG28,OUT027,5898.214786476021
FDU14,OUT049,4038.908424697503
FDY47,OUT019,365.8809246441584
FDI56,OUT049,1396.8710098794209
DRD01,OUT013,943.0631708525694
FDM22,OUT046,943.0631708525694
FDH33,OUT013,732.7407722413353
DRZ24,OUT013,1896.5352443585552
NCQ38,OUT046,1665.8742218399968
FDO16,OUT027,2349.471210396398
FDU07,OUT027,3748.6248488804604
NCB07,OUT013,3112.6164633087997
FDU48,OUT045,2069.227761172019
NCM43,OUT045,2592.2775766993514
FDR31,OUT010,283.9340452931097
DRK49,OUT018,559.5032898354124
NCI30,OUT010,539.5123096498272
DRD60,OUT017,2934.2785725788776
NCG19,OUT046,3787.1633985541953
FDH12,OUT035,1705.2849480748216
FDM32,OUT035,1524.7325896790796
FDM27,OUT035,2514.3333421398497
NCU53,OUT027,4053.2095277338176
NCQ18,OUT046,1626.8585331606196
FDS10,OUT013,2925.605053688984
FDB33,OUT027,4020.702350610644
FDI12,OUT013,1374.5800270615396
NCW42,OUT013,3700.9223634129035
NCC06,OUT018,1981.742707201855
FDW02,OUT017,2065.2268631401257
NCD43,OUT017,1665.8742218399968
FDM57,OUT018,1183.0900854446916
FDA58,OUT017,3323.3528618817513
FDK56,OUT046,3144.4969400087466
FDP52,OUT045,3792.578270879533
FDW20,OUT018,1807.0694696796963
FDS52,OUT049,1665.8742218399968
NCT29,OUT018,1797.8896440951637
NCL54,OUT013,2835.292591016427
FDC05,OUT045,3101.3194390807466
FDF34,OUT035,3183.9076662435714
FDP03,OUT027,3189.029887950151
FDD32,OUT010,312.7744357542061
FDZ10,OUT045,2022.049362212126
FDZ40,OUT035,982.4738970873941
FDD51,OUT018,559.5032898354124
NCY30,OUT019,436.4321605807683
FDP58,OUT017,3506.7536488221826
FDV49,OUT017,4038.908424697503
FDY24,OUT019,139.95947631896212
NCO55,OUT017,1665.8742218399968
FDR13,OUT017,1896.5352443585552
FDS51,OUT017,984.3720251121658
FDP26,OUT045,1622.696720911997
NCB54,OUT027,3261.6849483079072
FDF32,OUT017,3144.4969400087466
FDN31,OUT018,2822.6946660894596
DRM48,OUT017,708.1691183687428
FDN20,OUT049,2713.3056911370218
DRL01,OUT046,3828.3812761628665
FDV56,OUT049,1665.8742218399968
DRH13,OUT027,2662.5107018679887
FDA03,OUT017,2466.249097015131
FDF47,OUT027,5676.193290276442
FDX32,OUT046,2474.922615905025
FDX57,OUT049,1550.1678745561005
NCA30,OUT045,3069.4389623807997
FDO49,OUT013,821.0404625251389
FDL04,OUT019,363.58613939430177
DRM48,OUT035,747.5798446035675
FDR16,OUT013,3506.7536488221826
NCC19,OUT018,2799.4877082794064
NCE42,OUT045,3478.4688918725697
FDY24,OUT017,943.0631708525694
FDH19,OUT049,2826.6190721265334
FDJ46,OUT013,2835.292591016427
FDN45,OUT010,587.34847136558
FDY08,OUT035,2160.4895072247377
FDZ37,OUT035,1413.9907532963643
NCT30,OUT045,811.5403813039298
DRY23,OUT018,559.5032898354124
NCZ30,OUT018,1838.1133331719384
FDC44,OUT018,1699.605275292653
FDB45,OUT035,1654.546547576966
FDY04,OUT013,2635.4550776273513
FDM27,OUT046,2623.608993246349
FDZ43,OUT017,3878.650937946416
FDT39,OUT019,375.117213466181
NCC06,OUT019,505.7579099809085
FDL15,OUT027,3748.6248488804604
FDL57,OUT017,4076.3665673728
FDU08,OUT046,1550.1678745561005
FDK40,OUT017,4038.908424697503
FDQ12,OUT010,630.9998490420477
FDS48,OUT017,2474.922615905025
FDP09,OUT045,3454.902629004289
FDW21,OUT049,1626.8585331606196
FDY25,OUT035,3745.6043914928027
DRE13,OUT017,1374.5800270615396
FDV43,OUT019,60.14893206799871
FDD22,OUT045,1788.283370686998
FDM46,OUT019,302.15357884034177
NCO30,OUT010,517.0647878020281
FDM25,OUT046,2835.292591016427
NCN41,OUT049,2035.0433022378409
FDU24,OUT045,1469.3030641890223
FDZ50,OUT046,3144.4969400087466
FDP45,OUT013,3736.16395043722
NCM54,OUT045,2022.049362212126
FDW10,OUT019,502.6613104707421
FDP20,OUT017,2056.553344250232
FDK32,OUT046,2474.922615905025
FDN52,OUT049,1374.5800270615396
FDM58,OUT045,1788.283370686998
FDZ46,OUT027,2963.2373644176264
NCA18,OUT018,1699.605275292653
FDD35,OUT046,2035.0433022378409
NCK31,OUT035,860.4511887599635
FDI40,OUT027,2662.5107018679887
FDT50,OUT019,358.326071062294
NCT06,OUT046,2635.4550776273513
FDT31,OUT035,3175.2341473536776
FDT45,OUT049,877.8621024506448
FDT13,OUT045,3101.3194390807466
FDO50,OUT045,1372.178691734295
NCU18,OUT010,377.95209560517975
NCR54,OUT049,3121.2899821986935
NCO18,OUT018,2646.467922522803
FDU09,OUT045,1023.6997783227714
FDT13,OUT018,2822.6946660894596
FDE09,OUT046,1831.4608716149978
NCK53,OUT019,363.58613939430177
FDG45,OUT049,3959.491105505137
DRH15,OUT035,772.15149847616
FDO21,OUT019,241.61746389235824
FDD14,OUT027,5140.350473142256
FDC09,OUT046,1665.8742218399968
FDH45,OUT027,1131.7562800588203
FDV32,OUT046,1076.0894512681207
FDG12,OUT035,1935.94597059338
FDS32,OUT013,2121.078780989913
NCL55,OUT018,3686.3645625690738
DRE01,OUT035,3893.3360921091194
DRE15,OUT049,1315.0441399929523
NCL42,OUT045,4688.123682484319
FDP31,OUT013,1025.3510507702651
FDN33,OUT018,1320.7578999282252
FDZ59,OUT046,2635.4550776273513
FDE45,OUT010,436.4321605807683
FDJ07,OUT013,1896.5352443585552
FDQ45,OUT018,2822.6946660894596
FDM33,OUT027,5502.445752752667
FDO15,OUT010,194.34201335247337
FDM46,OUT013,1493.9953823341482
FDR03,OUT045,3463.5761478941827
FDY49,OUT018,2480.5675073484426
FDQ60,OUT045,1853.3577434305555
FDW10,OUT049,2784.5541905185714
FDO51,OUT049,732.7407722413353
FDJ40,OUT018,1492.636739434074
FDS20,OUT018,2822.6946660894596
FDU45,OUT013,1852.1873012765352
FDV02,OUT035,2761.3899362617403
FDN09,OUT046,3878.650937946416
NCM55,OUT027,5140.350473142256
FDN23,OUT018,2222.132151948715
FDY31,OUT010,340.3003536861929
FDW03,OUT010,363.58613939430177
FDD14,OUT046,3113.453076516504
FDV23,OUT017,2065.2268631401257
DRI03,OUT045,2792.115090088427
FDN13,OUT035,1657.595740505551
FDF45,OUT027,1735.997513320825
FDU46,OUT035,1413.9907532963643
FDB57,OUT049,3708.834333778011
FDV12,OUT049,1626.8585331606196
FDQ58,OUT013,2474.922615905025
NCA18,OUT017,1896.5352443585552
FDH52,OUT049,984.3720251121658
FDM24,OUT018,2222.132151948715
NCP43,OUT027,4760.955213105862
NCO18,OUT019,502.6613104707421
FDM32,OUT017,1388.1974909895275
NCL07,OUT017,708.1691183687428
FDK03,OUT013,4332.07312572152
FDP59,OUT017,1615.1358213421413
FDQ24,OUT049,4038.908424697503
FDQ16,OUT018,1483.9632205441806
FDU44,OUT013,2623.608993246349
FDH28,OUT010,60.14893206799871
FDV28,OUT019,35.577278195406365
FDM22,OUT045,933.5630896313604
FDR56,OUT046,3144.4969400087466
FDV39,OUT049,3144.4969400087466
FDU37,OUT019,258.8324176870925
FDQ11,OUT010,778.9915653712521
FDX02,OUT045,3674.330351739905
NCS42,OUT018,1320.7578999282252
FDY57,OUT027,2560.0226190027292
FDB21,OUT049,3853.9253658742946
FDE28,OUT017,3819.7037186253056
FDQ55,OUT017,1896.5352443585552
FDA48,OUT049,3692.7822805957835
FDZ19,OUT045,2792.115090088427
NCC43,OUT045,3967.5316011119144
NCV18,OUT046,1726.4471433003164
NCA42,OUT018,2404.2476012936804
FDY45,OUT046,4038.908424697503
NCC30,OUT045,2891.1010716508777
FDM57,OUT013,1374.5800270615396
FDL09,OUT010,416.2004926947008
FDB09,OUT027,3189.029887950151
FDT44,OUT035,1935.94597059338
NCT06,OUT027,4053.2095277338176
FDX26,OUT049,3144.4969400087466
FDK32,OUT013,2474.922615905025
DRA12,OUT046,2161.8875817546887
FDO46,OUT010,548.9452645019743
FDE52,OUT013,1374.5800270615396
NCH42,OUT045,3743.1633413392215
FDV08,OUT035,772.15149847616
FDB47,OUT018,3165.412948785226
FDC28,OUT010,376.44061297235913
FDD22,OUT046,1896.5352443585552
FDS07,OUT027,2974.383047106263
DRI13,OUT045,3463.5761478941827
FDG32,OUT018,3342.768061668933
FDU14,OUT017,4038.908424697503
FDD28,OUT019,131.78137225697782
NCP41,OUT017,1665.8742218399968
FDS08,OUT049,2835.292591016427
FDX47,OUT045,2580.4314923183492
FDC53,OUT019,363.58613939430177
FDQ19,OUT035,3918.0616641812408
FDL14,OUT045,2431.745114977025
FDM33,OUT019,596.0219902554734
FDA51,OUT045,1853.3577434305555
FDZ27,OUT018,647.8029801192164
FDT04,OUT046,732.7407722413353
DRC13,OUT049,2035.0433022378409
FDR16,OUT027,5502.445752752667
FDQ03,OUT027,5755.653481264086
FDE38,OUT035,2761.3899362617403
DRH23,OUT027,1659.414559947374
FDT11,OUT019,548.9452645019743
FDD09,OUT035,2973.6892988137024
FDR40,OUT045,1346.8274866294055
FDX07,OUT017,3135.823421118853
FDR07,OUT035,1538.8402002930698
FDA51,OUT017,1896.5352443585552
FDT59,OUT019,630.9998490420477
FDF20,OUT017,3144.4969400087466
FDR13,OUT045,1853.3577434305555
FDY26,OUT049,3498.080129932289
FDW04,OUT017,2121.078780989913
FDK52,OUT017,3811.0301997354118
FDN60,OUT049,2623.608993246349
FDM09,OUT019,502.6613104707421
FDP46,OUT049,1374.5800270615396
FDB50,OUT019,258.8324176870925
NCQ29,OUT049,4014.1828526253817
FDP16,OUT027,5898.214786476021
FDX33,OUT018,2404.2476012936804
FDP07,OUT010,548.9452645019743
FDN22,OUT046,4005.509333735488
FDF39,OUT049,5337.053576522689
FDS21,OUT017,975.6985062222725
NCM42,OUT013,1665.8742218399968
FDK50,OUT019,409.5016487611652
DRF13,OUT027,3748.6248488804604
FDH35,OUT018,2385.3698560589846
FDP60,OUT018,1453.6210507546966
DRJ49,OUT027,3261.6849483079072
NCT42,OUT019,375.117213466181
FDE38,OUT049,2721.9792100269156
FDI04,OUT049,3144.4969400087466
NCH54,OUT045,2580.4314923183492
FDT56,OUT049,943.0631708525694
DRD15,OUT018,3478.3390573653514
FDV58,OUT013,2845.5808432931058
FDP21,OUT049,3144.4969400087466
FDH05,OUT013,3861.2066778005096
FDR10,OUT027,4053.2095277338176
NCP06,OUT045,2400.7012514847825
FDF33,OUT049,1665.8742218399968
DRK37,OUT013,3321.7351738542698
DRH49,OUT045,1338.1539677395122
FDT58,OUT013,2721.9792100269156
FDD41,OUT018,1492.636739434074
FDP40,OUT018,1658.2233892090749
FDM51,OUT027,2662.5107018679887
FDO45,OUT010,299.1094221260974
FDW33,OUT010,363.58613939430177
FDY24,OUT045,933.5630896313604
FDB10,OUT010,606.2742769699261
FDM40,OUT035,2201.2983079895134
NCI06,OUT017,2934.2785725788776
FDW12,OUT019,283.9340452931097
FDX48,OUT027,3748.6248488804604
NCW05,OUT027,2662.5107018679887
FDX27,OUT017,1519.1240110638585
DRM37,OUT045,3591.162914863115
FDA38,OUT045,3835.473437018416
FDR36,OUT046,732.7407722413353
FDZ45,OUT046,3219.5959454580047
FDG05,OUT017,2623.608993246349
FDK28,OUT013,4418.007831625142
FDV47,OUT045,1365.0799458403305
FDN21,OUT045,2571.7579734284554
FDP20,OUT027,3280.7224670485234
FDI35,OUT045,3101.3194390807466
DRY23,OUT013,732.7407722413353
FDA56,OUT017,2035.0433022378409
FDB09,OUT013,2035.0433022378409
NCO26,OUT027,2974.383047106263
FDQ49,OUT018,2286.925367180894
FDI52,OUT027,3189.029887950151
FDZ44,OUT027,2974.383047106263
FDZ09,OUT018,2394.0433749488784
FDY03,OUT049,1896.5352443585552
NCG42,OUT017,2112.405262100019
DRI13,OUT027,5502.445752752667
FDQ32,OUT013,2065.2268631401257
FDW16,OUT035,1436.2817361142456
FDU27,OUT046,812.3669436352455
FDR28,OUT010,409.5016487611652
FDQ49,OUT010,388.09920025075473
FDS37,OUT046,1896.5352443585552
FDW26,OUT018,3165.412948785226
FDX12,OUT018,3512.5607046143405
NCP06,OUT013,2443.8787524127824
FDW45,OUT010,340.3003536861929
NCN30,OUT049,1550.1678745561005
FDN24,OUT049,877.8621024506448
NCL41,OUT027,1107.1846261862277
FDR02,OUT019,376.44061297235913
FDD09,OUT010,462.4919008891399
FDS33,OUT010,299.1094221260974
FDU22,OUT045,1951.6421122330662
FDI53,OUT013,2635.4550776273513
DRH01,OUT049,2835.292591016427
FDX32,OUT013,2161.8875817546887
NCP30,OUT018,550.829770945519
FDB60,OUT045,3101.3194390807466
FDB14,OUT049,1485.3218634442549
NCP02,OUT035,982.4738970873941
FDJ10,OUT017,2121.078780989913
FDG34,OUT046,1831.4608716149978
NCB18,OUT017,1365.9065081716462
FDM16,OUT049,1151.1869842076067
FDW25,OUT018,1183.0900854446916
FDB35,OUT010,302.15357884034177
DRN11,OUT013,2161.8875817546887
FDF41,OUT019,606.2742769699261
FDH16,OUT045,1365.0799458403305
NCQ50,OUT018,3098.6509814651267
DRH23,OUT018,769.825688446647
DRJ37,OUT013,2474.922615905025
DRJ24,OUT027,5140.350473142256
FDY16,OUT035,3175.2341473536776
FDQ27,OUT045,1622.696720911997
FDZ33,OUT045,2431.745114977025
FDF29,OUT045,2077.901280061913
FDA08,OUT049,2635.4550776273513
FDG31,OUT046,1076.0894512681207
FDE34,OUT019,548.9452645019743
NCR30,OUT027,2018.8332857720357
FDV33,OUT035,4078.319150932328
DRZ24,OUT018,1797.8896440951637
NCL54,OUT035,2874.703317251252
FDR12,OUT049,2835.292591016427
NCC54,OUT046,3853.9253658742946
DRN59,OUT013,821.0404625251389
FDX50,OUT019,376.44061297235913
FDV31,OUT027,4760.955213105862
NCA29,OUT027,4647.67183411649
FDW60,OUT049,2835.292591016427
FDX08,OUT017,3144.4969400087466
DRD49,OUT013,3895.4283250494987
FDD33,OUT046,3819.7037186253056
FDW35,OUT013,732.7407722413353
FDJ36,OUT017,1665.8742218399968
FDV51,OUT035,2761.3899362617403
FDW36,OUT046,1665.8742218399968
FDH35,OUT046,2626.7815587374575
NCS30,OUT027,3261.6849483079072
FDN49,OUT017,732.7407722413353
FDL08,OUT018,3512.5607046143405
FDI09,OUT013,3864.384461557256
FDP19,OUT018,1924.14881192401
FDU21,OUT010,35.577278195406365
NCP41,OUT045,1622.696720911997
FDY10,OUT013,1852.1873012765352
FDP12,OUT018,534.9316359628199
NCN26,OUT049,1896.5352443585552
FDK44,OUT013,2835.292591016427
FDC28,OUT049,1665.8742218399968
FDJ41,OUT027,5988.89671318066
NCT29,OUT035,2074.4540284726663
NCH42,OUT019,572.9114006118422
FDU60,OUT018,2471.893988458549
FDS02,OUT045,3101.3194390807466
FDC51,OUT046,2035.0433022378409
FDU03,OUT013,3135.823421118853
FDX39,OUT045,3463.5761478941827
NCY05,OUT010,35.577278195406365
NCL06,OUT027,5930.808264750454
FDD32,OUT035,1354.454866227777
NCN41,OUT045,1991.8658013098411
NCX53,OUT049,2153.214062864795
FDU57,OUT019,375.117213466181
FDQ23,OUT046,1665.8742218399968
FDQ52,OUT045,3971.0053516973817
FDC14,OUT045,723.2406910201263
FDY09,OUT035,2874.703317251252
FDQ28,OUT045,2431.745114977025
FDV25,OUT046,4215.405460578548
FDJ07,OUT035,1935.94597059338
DRB25,OUT049,1665.8742218399968
FDK52,OUT019,596.0219902554734
FDY52,OUT027,1840.786594978696
FDB28,OUT046,3144.4969400087466
FDT36,OUT035,747.5798446035675
FDV25,OUT017,4215.405460578548
NCN07,OUT027,3261.6849483079072
FDC57,OUT017,3135.823421118853
FDQ03,OUT018,3369.9993994024057
FDU23,OUT017,2721.9792100269156
NCX41,OUT035,3537.4908561671136
NCD06,OUT035,860.4511887599635
FDW08,OUT045,1622.696720911997
NCU29,OUT017,2474.922615905025
NCE06,OUT013,2623.608993246349
FDV52,OUT010,340.25331234687184
FDB02,OUT017,2835.292591016427
NCR18,OUT045,723.2406910201263
FDK16,OUT049,1550.1678745561005
NCQ29,OUT010,754.2659932991305
FDZ01,OUT019,363.58613939430177
FDW27,OUT035,2663.019719481174
FDD17,OUT018,3512.5607046143405
FDW39,OUT013,2835.292591016427
DRH59,OUT045,1121.0470506751403
FDS52,OUT013,1665.8742218399968
FDU40,OUT027,5140.350473142256
NCF54,OUT013,2835.292591016427
FDH46,OUT045,1622.696720911997
NCP14,OUT049,1665.8742218399968
FDH50,OUT049,3144.4969400087466
DRF15,OUT010,366.44369457628756
FDV27,OUT027,2367.7236696073232
NCJ06,OUT049,1986.1460942711726
FDN02,OUT018,3165.412948785226
FDQ51,OUT049,821.0404625251389
FDQ07,OUT017,3692.7822805957835
FDS45,OUT049,1665.8742218399968
NCJ06,OUT045,1983.1922824199478
FDD36,OUT035,1935.94597059338
FDY25,OUT045,3599.9660128948253
FDU52,OUT046,2474.922615905025
DRK47,OUT017,3844.429290697427
NCL30,OUT017,2065.2268631401257
FDN22,OUT035,4044.9200599703126
NCF30,OUT027,3280.7224670485234
FDK03,OUT035,4329.980892781141
FDT45,OUT017,943.0631708525694
NCC54,OUT027,5873.489214403899
FDP08,OUT018,2814.021147199566
FDU44,OUT046,2635.4550776273513
DRG39,OUT035,917.2728286854694
FDU32,OUT049,2035.0433022378409
FDY27,OUT049,2934.2785725788776
NCP54,OUT013,2035.0433022378409
NCZ41,OUT049,2056.553344250232
DRL49,OUT013,2245.134305236131
FDI05,OUT018,1141.8066575870293
FDY56,OUT045,3801.251789769427
DRC13,OUT013,2035.0433022378409
NCV29,OUT017,2934.2785725788776
FDR24,OUT049,1396.8710098794209
FDZ34,OUT018,3216.789279778759
FDP37,OUT035,2104.6375893749505
FDX08,OUT027,4760.955213105862
FDS57,OUT045,2118.7100808266887
NCG18,OUT049,1665.8742218399968
FDK25,OUT018,2480.5675073484426
FDH53,OUT049,1306.370621103059
DRI59,OUT018,3376.1671526309483
FDA52,OUT046,2835.292591016427
FDT20,OUT010,60.14893206799871
FDE36,OUT019,698.5142850253559
FDI24,OUT017,2835.292591016427
FDB28,OUT018,2897.7936715387177
FDV11,OUT017,2835.292591016427
FDP01,OUT046,2443.8787524127824
FDD34,OUT027,4053.2095277338176
FDJ50,OUT027,1399.9023950589876
FDZ44,OUT013,1896.5352443585552
DRO59,OUT035,1190.5977104424314
DRB48,OUT045,723.2406910201263
FDR21,OUT018,2538.8084220704586
NCE42,OUT010,273.99530389620196
FDO23,OUT046,1493.9953823341482
NCE30,OUT018,3107.3245003550205
FDQ22,OUT035,747.5798446035675
FDY01,OUT045,1853.3577434305555
FDS08,OUT017,2934.2785725788776
FDG28,OUT018,3512.5607046143405
FDQ51,OUT018,647.8029801192164
FDB05,OUT017,4014.1828526253817
FDO56,OUT049,1896.5352443585552
FDE02,OUT018,1320.7578999282252
FDN45,OUT017,3684.1087617058897
FDS09,OUT013,821.0404625251389
NCA54,OUT018,2646.467922522803
FDP09,OUT010,598.6206000451443
FDC53,OUT045,1602.1662150154937
NCM55,OUT017,3144.4969400087466
FDL09,OUT018,2471.893988458549
FDA11,OUT019,302.15357884034177
FDA50,OUT045,1525.4755564109746
FDC23,OUT017,2934.2785725788776
FDE22,OUT049,2623.608993246349
FDD23,OUT046,3144.4969400087466
NCA29,OUT049,2835.292591016427
FDK38,OUT046,2474.922615905025
DRC13,OUT046,2035.0433022378409
NCP43,OUT049,2934.2785725788776
FDX28,OUT049,1626.8585331606196
FDF08,OUT049,1396.8710098794209
FDZ33,OUT046,2474.922615905025
FDD10,OUT049,2902.488699815789
FDO58,OUT017,2626.7815587374575
FDI50,OUT017,3947.6868137318747
FDO58,OUT045,2583.6040578094576
FDX08,OUT013,2934.2785725788776
NCK17,OUT010,60.14893206799871
FDF39,OUT035,4123.7341541615115
FDU45,OUT010,376.44061297235913
NCJ18,OUT018,1699.605275292653
DRC27,OUT019,606.2742769699261
DRC25,OUT035,1413.9907532963643
FDU59,OUT035,2663.019719481174
FDU28,OUT035,3175.2341473536776
NCP30,OUT046,724.067253351442
FDB39,OUT018,769.825688446647
FDE41,OUT013,1374.5800270615396
DRH11,OUT010,131.78137225697782
FDA58,OUT045,3280.1753609537514
FDU50,OUT046,1896.5352443585552
FDM34,OUT013,2112.405262100019
FDM44,OUT027,2662.5107018679887
FDR39,OUT045,3092.645920190853
FDM25,OUT045,2792.115090088427
FDQ49,OUT049,2466.249097015131
DRH25,OUT018,695.951101154829
FDM09,OUT027,4647.67183411649
FDL44,OUT019,396.7727191406482
NCR42,OUT018,534.9316359628199
DRL59,OUT046,877.8621024506448
FDX43,OUT013,2721.9792100269156
DRK47,OUT010,606.2742769699261
FDU48,OUT018,1915.4752930341167
FDY12,OUT045,811.5403813039298
NCN43,OUT018,1838.1133331719384
NCM55,OUT018,2822.6946660894596
FDQ21,OUT027,3189.029887950151
FDX13,OUT035,4078.319150932328
NCK30,OUT027,5930.808264750454
FDG20,OUT049,2835.292591016427
DRG27,OUT017,732.7407722413353
FDY14,OUT018,3686.3645625690738
FDP59,OUT035,1654.546547576966
FDU60,OUT017,2713.3056911370218
NCC18,OUT019,502.6613104707421
DRJ39,OUT017,3498.080129932289
FDS07,OUT049,1896.5352443585552
FDM08,OUT027,5700.918862348564
FDP51,OUT045,1951.6421122330662
FDU16,OUT035,1387.064775195546
FDH12,OUT013,1665.8742218399968
DRE48,OUT010,548.9452645019743
NCL42,OUT027,6665.683086749341
FDR21,OUT045,2882.427552760984
NCW29,OUT035,2160.4895072247377
FDO11,OUT013,4080.411383872707
NCM31,OUT049,2161.8875817546887
FDV35,OUT019,375.117213466181
FDF58,OUT017,984.3720251121658
NCE43,OUT049,2721.9792100269156
FDA02,OUT035,2514.3333421398497
DRL37,OUT010,60.14893206799871
FDR24,OUT018,1223.633527473498
FDW59,OUT049,1356.3275678506145
FDS22,OUT049,732.7407722413353
FDW24,OUT017,821.0404625251389
FDU24,OUT035,1589.5786007909253
FDA21,OUT027,5140.350473142256
FDH58,OUT027,2974.383047106263
FDW36,OUT018,1492.636739434074
FDI45,OUT027,4647.67183411649
FDU01,OUT018,2814.021147199566
FDF35,OUT027,2712.7361885649875
FDU43,OUT019,387.81159281687474
FDE24,OUT019,283.9340452931097
FDK50,OUT049,2635.4550776273513
FDG31,OUT045,1066.5893700469117
FDC60,OUT045,1372.178691734295
FDL36,OUT013,1396.8710098794209
FDP21,OUT013,3144.4969400087466
FDW16,OUT045,1372.178691734295
FDX02,OUT017,3717.507852667905
FDQ58,OUT027,3748.6248488804604
FDT51,OUT046,1831.4608716149978
FDD59,OUT049,1315.0441399929523
NCM42,OUT018,1492.636739434074
FDA57,OUT018,550.829770945519
FDZ48,OUT035,1870.8715978498226
FDE46,OUT045,2423.071596087131
NCZ30,OUT019,371.9845362323313
FDB56,OUT017,3144.4969400087466
FDA25,OUT027,2662.5107018679887
FDD20,OUT013,2035.0433022378409
FDL25,OUT013,1493.9953823341482
NCO18,OUT049,2835.292591016427
FDJ45,OUT017,708.1691183687428
FDR12,OUT035,2761.3899362617403
NCF19,OUT010,148.44862235180278
FDK25,OUT046,2721.9792100269156
NCR17,OUT046,1896.5352443585552
FDC52,OUT046,2474.922615905025
NCA54,OUT017,2934.2785725788776
FDR45,OUT010,1393.8808302064176
NCM19,OUT049,1896.5352443585552
FDF39,OUT027,7277.43838904219
FDX23,OUT049,1550.1678745561005
FDD58,OUT027,2636.7132776072476
FDX28,OUT013,1665.8742218399968
NCD31,OUT013,2635.4550776273513
FDU57,OUT018,2222.132151948715
FDI27,OUT046,821.0404625251389
NCM42,OUT046,1665.8742218399968
FDD32,OUT027,2245.174416137869
FDI34,OUT013,3861.2066778005096
NCM29,OUT049,2121.078780989913
FDG46,OUT018,1678.9498188706123
DRC01,OUT010,148.44862235180278
FDB15,OUT027,5964.171141108538
NCA17,OUT027,3748.6248488804604
FDF10,OUT046,2474.922615905025
FDR26,OUT027,4760.955213105862
FDI02,OUT049,1831.4608716149978
NCM54,OUT010,383.6385779633833
FDF14,OUT013,2474.922615905025
FDJ33,OUT010,371.9845362323313
FDM20,OUT035,3918.0616641812408
FDC03,OUT027,5140.350473142256
NCX05,OUT046,1896.5352443585552
NCM41,OUT027,2560.0226190027292
NCU29,OUT010,375.117213466181
FDQ59,OUT017,1356.3275678506145
FDH46,OUT010,363.58613939430177
FDH09,OUT013,821.0404625251389
NCD06,OUT045,811.5403813039298
FDC15,OUT035,2514.3333421398497
DRD37,OUT027,1220.0559703426243
FDT28,OUT027,3748.6248488804604
FDR28,OUT027,4053.2095277338176
FDT38,OUT017,1365.9065081716462
FDV34,OUT027,2018.8332857720357
FDY52,OUT035,1070.78991169377
FDB34,OUT013,1374.5800270615396
DRL23,OUT018,1483.9632205441806
DRB24,OUT046,2474.922615905025
FDJ50,OUT046,943.0631708525694
FDQ49,OUT035,2505.659823249956
FDP20,OUT035,2065.7805095827725
FDV19,OUT027,4020.702350610644
NCR54,OUT045,3078.1124812706935
FDO09,OUT010,754.2659932991305
FDS57,OUT018,1909.0971177983772
FDN10,OUT049,1896.5352443585552
FDV23,OUT049,2065.2268631401257
FDY28,OUT049,3506.7536488221826
DRG51,OUT013,2635.4550776273513
FDD45,OUT019,302.15357884034177
NCL18,OUT027,5117.143515332204
NCM29,OUT013,2121.078780989913
FDF17,OUT027,5140.350473142256
FDE22,OUT017,2635.4550776273513
FDQ22,OUT017,708.1691183687428
FDS01,OUT013,2934.2785725788776
FDW35,OUT027,1131.7562800588203
FDJ33,OUT046,2035.0433022378409
NCF54,OUT035,2874.703317251252
FDE09,OUT013,1665.8742218399968
NCE06,OUT045,2592.2775766993514
DRH49,OUT049,1306.370621103059
FDY43,OUT045,2678.8017090989156
NCT05,OUT017,4038.908424697503
FDZ34,OUT045,3782.775895070577
FDL38,OUT017,1374.5800270615396
FDZ31,OUT017,3144.4969400087466
FDR14,OUT035,982.4738970873941
NCN54,OUT049,1306.370621103059
NCC42,OUT027,3261.6849483079072
FDK08,OUT017,1577.7424270158558
FDP59,OUT013,1615.1358213421413
FDV22,OUT035,2663.019719481174
FDD33,OUT035,3859.1144448601303
DRE60,OUT027,5839.267567154909
FDK52,OUT046,3811.0301997354118
FDA02,OUT017,2474.922615905025
FDM56,OUT049,1665.8742218399968
FDE57,OUT035,2201.2983079895134
FDM32,OUT045,1363.5051728444016
NCQ30,OUT027,3189.029887950151
FDQ27,OUT027,2662.5107018679887
FDT60,OUT027,3189.029887950151
FDU43,OUT049,3651.514734903471
NCO55,OUT035,1705.2849480748216
FDG02,OUT045,3101.3194390807466
FDJ28,OUT013,3144.4969400087466
FDP40,OUT045,1788.283370686998
FDJ38,OUT045,3101.3194390807466
NCC54,OUT017,3853.9253658742946
NCZ41,OUT046,2056.553344250232
FDK38,OUT019,375.117213466181
FDU52,OUT013,2474.922615905025
FDC40,OUT046,1215.6773885422258
NCR30,OUT017,1142.5134653177133
NCN18,OUT017,1831.4608716149978
FDB50,OUT035,1354.454866227777
FDG04,OUT013,3144.4969400087466
FDR26,OUT035,2843.6594537590095
NCT17,OUT018,2822.6946660894596
FDX35,OUT027,5528.6325830819815
FDS12,OUT046,2065.2268631401257
NCZ29,OUT027,3280.7224670485234
FDB38,OUT010,400.82812987127176
FDP12,OUT013,708.1691183687428
FDP22,OUT046,845.9877842141441
FDS26,OUT018,3652.9654716070586
FDR52,OUT046,3144.4969400087466
DRJ13,OUT046,2635.4550776273513
FDU48,OUT027,3261.6849483079072
FDE29,OUT035,1023.7827513469904
NCT29,OUT049,2035.0433022378409
DRK37,OUT018,2999.9328999349827
FDK55,OUT046,1365.9065081716462
FDR07,OUT046,1499.429474058245
FDO21,OUT027,5321.788763913328
FDK46,OUT049,4038.908424697503
FDB12,OUT045,1622.696720911997
FDT31,OUT027,5140.350473142256
FDJ33,OUT045,1991.8658013098411
FDC26,OUT027,2797.650714642625
NCQ02,OUT045,3078.1124812706935
FDP08,OUT010,540.271745612081
FDB11,OUT027,5700.918862348564
FDV55,OUT013,2474.922615905025
FDW20,OUT049,2003.9994387455988
NCJ18,OUT019,371.00055374940877
FDC41,OUT018,977.9495018016835
FDE14,OUT027,2662.5107018679887
FDG35,OUT013,2784.5541905185714
FDF45,OUT035,982.4738970873941
FDS19,OUT027,2245.174416137869
FDS58,OUT019,396.7727191406482
FDA26,OUT017,3506.7536488221826
FDM32,OUT049,1365.9065081716462
FDL45,OUT046,2065.2268631401257
FDZ55,OUT049,2623.608993246349
FDY37,OUT049,2161.8875817546887
FDO46,OUT046,3144.4969400087466
FDQ60,OUT046,1994.819613161066
FDA19,OUT018,1924.14881192401
FDL15,OUT046,2474.922615905025
FDM10,OUT018,3156.7394298953323
NCL05,OUT017,724.067253351442
DRK49,OUT010,60.14893206799871
NCE18,OUT027,5930.808264750454
FDG40,OUT049,708.1691183687428
DRI59,OUT045,3674.330351739905
FDK28,OUT035,4415.915598684763
NCD06,OUT019,148.44862235180278
FDO11,OUT019,778.9915653712521
FDK27,OUT046,1905.4535259649801
FDT43,OUT027,1343.167451743894
FDD38,OUT018,1492.636739434074
FDA16,OUT049,3506.7536488221826
FDL14,OUT027,3748.6248488804604
NCM17,OUT049,732.7407722413353
FDD20,OUT045,1991.8658013098411
FDA40,OUT045,1365.0799458403305
FDL43,OUT045,1305.5440587717433
FDV15,OUT045,1622.696720911997
FDE52,OUT046,1396.8710098794209
NCL17,OUT010,283.9340452931097
NCJ31,OUT045,3802.074346056401
FDR60,OUT045,1305.5440587717433
NCA18,OUT035,1935.94597059338
FDS21,OUT027,1840.786594978696
FDW09,OUT035,1354.454866227777
FDL26,OUT035,2514.3333421398497
FDS47,OUT018,1223.633527473498
FDC39,OUT046,3506.7536488221826
FDT51,OUT035,1870.8715978498226
FDK40,OUT035,4078.319150932328
NCG19,OUT045,3743.9858976261953
FDZ07,OUT046,984.3720251121658
FDF08,OUT027,2462.8982465480017
FDO04,OUT013,943.0631708525694
FDK41,OUT018,1183.0900854446916
FDP15,OUT049,4636.004954096902
NCD43,OUT018,1492.636739434074
NCP18,OUT013,2474.922615905025
FDZ51,OUT046,1493.9953823341482
DRH13,OUT035,1705.2849480748216
FDF38,OUT045,723.2406910201263
NCI43,OUT045,802.8668624140365
FDM38,OUT027,1659.414559947374
FDS03,OUT013,1076.0894512681207
DRJ47,OUT017,2826.6190721265334
FDT50,OUT010,358.326071062294
FDV02,OUT046,2835.292591016427
NCG18,OUT017,1665.8742218399968
FDW52,OUT046,2635.4550776273513
FDS40,OUT035,747.5798446035675
FDN31,OUT017,3144.4969400087466
FDA37,OUT045,1991.8658013098411
FDA15,OUT046,4389.123093561889
FDL39,OUT046,2753.509568122508
FDJ53,OUT045,1991.8658013098411
FDX22,OUT013,3506.7536488221826
NCZ42,OUT045,3777.3849885882105
FDD56,OUT027,4647.67183411649
FDD40,OUT017,3135.823421118853
FDS50,OUT013,3506.7536488221826
NCN14,OUT013,3135.823421118853
FDT15,OUT013,3144.4969400087466
NCS18,OUT027,2662.5107018679887
NCO26,OUT010,371.2971758391139
FDF58,OUT018,811.1345427062425
NCB19,OUT013,1374.5800270615396
FDH26,OUT017,2153.214062864795
DRB24,OUT027,3748.6248488804604
FDA49,OUT018,1192.6690257657233
FDB32,OUT045,1516.8020375210813
FDI36,OUT017,3144.4969400087466
NCA17,OUT010,366.44369457628756
FDH22,OUT013,2035.0433022378409
NCM26,OUT018,2213.4586330588213
FDT15,OUT027,5140.350473142256
FDB16,OUT018,1201.3425446556166
NCP54,OUT027,3189.029887950151
FDJ36,OUT013,1665.8742218399968
FDO28,OUT045,1951.6421122330662
FDU09,OUT013,1033.1998595439804
FDF29,OUT017,2065.2268631401257
FDY08,OUT013,2161.8875817546887
DRJ59,OUT018,534.9316359628199
FDT23,OUT027,2245.174416137869
FDU15,OUT018,534.9316359628199
FDT47,OUT013,1550.1678745561005
FDI53,OUT019,409.5016487611652
FDR59,OUT018,3686.3645625690738
FDD53,OUT035,772.15149847616
FDY51,OUT017,3506.7536488221826
FDT04,OUT049,732.7407722413353
FDU51,OUT049,2943.3278048329203
FDG14,OUT035,2656.19809040062
NCU06,OUT045,3718.4377692671
DRG25,OUT046,3859.3634857231705
DRH49,OUT035,1387.064775195546
FDN15,OUT035,2160.4895072247377
FDL43,OUT018,1042.4399061363029
NCT18,OUT049,3121.2899821986935
NCB31,OUT013,3997.59736337038
FDK57,OUT035,1944.864252199805
FDY04,OUT019,409.5016487611652
NCP54,OUT046,2035.0433022378409
FDF41,OUT013,3895.4283250494987
FDM01,OUT045,1622.696720911997
FDW03,OUT045,1622.696720911997
FDF28,OUT045,1991.8658013098411
FDY37,OUT017,2161.8875817546887
FDQ03,OUT017,3736.0896327344813
FDP51,OUT027,3072.667415908774
FDJ40,OUT017,1831.4608716149978
FDC32,OUT049,1485.3218634442549
DRI49,OUT027,2245.174416137869
NCW54,OUT017,943.0631708525694
FDF09,OUT017,708.1691183687428
FDP45,OUT018,3342.117129133587
DRJ23,OUT018,2814.021147199566
FDS59,OUT017,1831.4608716149978
FDY08,OUT046,2121.078780989913
FDX16,OUT049,2474.922615905025
FDY16,OUT018,2814.021147199566
FDK32,OUT035,2514.3333421398497
FDQ22,OUT013,732.7407722413353
NCC31,OUT018,2222.132151948715
FDG58,OUT049,2474.922615905025
DRF48,OUT013,3144.4969400087466
DRH36,OUT049,1151.1869842076067
NCR30,OUT035,1181.924191552538
FDB03,OUT019,606.2742769699261
FDZ28,OUT027,3280.7224670485234
FDR35,OUT017,3144.4969400087466
DRD15,OUT027,5863.993139227031
FDJ33,OUT019,371.9845362323313
FDA56,OUT010,371.00055374940877
FDP56,OUT046,821.0404625251389
NCT30,OUT046,821.0404625251389
FDK15,OUT017,1665.8742218399968
FDH44,OUT018,2213.4586330588213
FDV01,OUT013,2466.249097015131
DRG03,OUT017,2474.922615905025
FDG50,OUT027,2462.8982465480017
FDR16,OUT010,607.2941189350377
FDZ60,OUT046,1657.2007029501035
DRG03,OUT045,2431.745114977025
FDS56,OUT018,3743.039699090756
FDU33,OUT045,811.5403813039298
DRD27,OUT035,1657.595740505551
FDW22,OUT046,3717.507852667905
DRA24,OUT045,2583.6040578094576
FDF38,OUT049,732.7407722413353
FDX48,OUT013,2474.922615905025
FDS58,OUT018,2404.2476012936804
FDC32,OUT046,1485.3218634442549
NCQ29,OUT045,3971.0053516973817
DRK39,OUT018,1183.0900854446916
NCS38,OUT017,1896.5352443585552
DRO47,OUT013,1831.4608716149978
DRG27,OUT027,1131.7562800588203
FDC57,OUT027,5140.350473142256
FDS55,OUT046,2474.922615905025
NCJ06,OUT018,1789.2161252052704
FDO01,OUT019,341.5566065496882
NCM55,OUT045,3101.3194390807466
FDC52,OUT049,2474.922615905025
FDQ15,OUT045,1296.87053988185
NCT30,OUT027,1343.167451743894
NCR42,OUT027,1107.1846261862277
FDD28,OUT035,982.4738970873941
FDQ34,OUT049,1665.8742218399968
FDZ12,OUT027,3318.225824152932
DRE13,OUT019,299.1094221260974
NCN07,OUT019,365.8809246441584
FDM28,OUT035,2973.6892988137024
FDI10,OUT017,2835.292591016427
FDQ25,OUT013,2721.9792100269156
FDA38,OUT010,630.9998490420477
DRI13,OUT049,3506.7536488221826
FDY20,OUT027,2462.8982465480017
NCZ53,OUT035,3183.9076662435714
NCM31,OUT013,2474.922615905025
DRB01,OUT017,2474.6546605842555
DRF37,OUT046,4014.1828526253817
NCF42,OUT049,2835.292591016427
FDF16,OUT018,2222.132151948715
FDB41,OUT013,812.3669436352455
FDR34,OUT013,3923.7878797319772
FDR15,OUT018,2222.132151948715
NCV42,OUT019,376.44061297235913
FDW51,OUT035,3546.1643750570074
FDU36,OUT017,1550.1678745561005
FDX60,OUT049,1356.3275678506145
FDY03,OUT035,1935.94597059338
FDW55,OUT045,3835.473437018416
FDT01,OUT010,607.2941189350377
FDG58,OUT013,2474.922615905025
FDK21,OUT017,4038.908424697503
NCS41,OUT019,345.3853811502083
FDS10,OUT045,3092.645920190853
NCT53,OUT046,2635.4550776273513
FDJ28,OUT018,2822.6946660894596
FDX44,OUT045,1365.0799458403305
FDT20,OUT018,559.5032898354124
FDO44,OUT017,1665.8742218399968
NCX17,OUT049,3555.0092691586538
FDY01,OUT017,1896.5352443585552
FDJ12,OUT027,5502.445752752667
DRK35,OUT018,534.9316359628199
FDD47,OUT019,424.87401158459426
NCM53,OUT035,1696.6114291849283
FDO45,OUT013,1374.5800270615396
NCM42,OUT010,376.44061297235913
FDE04,OUT046,2925.605053688984
NCI30,OUT027,5840.126338045815
FDZ19,OUT013,2835.292591016427
FDW57,OUT013,2934.2785725788776
FDA25,OUT013,1665.8742218399968
FDT22,OUT046,943.0631708525694
FDP51,OUT013,1896.5352443585552
FDD48,OUT027,2974.383047106263
FDY39,OUT035,3183.9076662435714
FDO48,OUT010,620.747562327595
FDD23,OUT027,5140.350473142256
DRN35,OUT027,1107.1846261862277
FDT01,OUT035,3546.1643750570074
FDC20,OUT010,131.78137225697782
DRJ35,OUT035,1023.7827513469904
FDB32,OUT046,1485.3218634442549
FDL24,OUT046,3175.2393311103824
NCV42,OUT035,1891.59802751136
FDZ46,OUT046,1665.8742218399968
FDC15,OUT013,2474.922615905025
FDD08,OUT019,35.577278195406365
FDY50,OUT049,1396.8710098794209
FDD36,OUT013,1905.4535259649801
FDG57,OUT027,1343.167451743894
FDL21,OUT018,559.5032898354124
FDN16,OUT027,2662.5107018679887
FDJ09,OUT027,1220.0559703426243
FDS01,OUT010,436.4321605807683
FDV33,OUT017,4038.908424697503
DRE12,OUT017,1896.5352443585552
FDR07,OUT013,1499.429474058245
FDP48,OUT010,667.655071448026
NCB55,OUT035,982.4738970873941
FDQ08,OUT013,984.3720251121658
FDR34,OUT035,3921.695646791598
FDO33,OUT046,1831.4608716149978
FDP13,OUT045,723.2406910201263
FDX12,OUT049,3878.650937946416
NCT06,OUT049,2721.9792100269156
FDR16,OUT019,607.2941189350377
FDE36,OUT046,2924.467713891542
FDZ36,OUT049,3144.4969400087466
FDV13,OUT045,1365.0799458403305
NCZ17,OUT035,747.5798446035675
FDU56,OUT045,3101.3194390807466
FDM09,OUT035,2874.703317251252
FDV02,OUT017,2835.292591016427
FDS34,OUT018,1670.276299980719
FDA11,OUT049,1550.1678745561005
FDP09,OUT017,3498.080129932289
FDB29,OUT027,2974.383047106263
FDT19,OUT017,2835.292591016427
DRH15,OUT017,732.7407722413353
FDY38,OUT046,3819.7037186253056
FDF14,OUT027,3748.6248488804604
FDN48,OUT010,302.15357884034177
FDQ12,OUT013,3885.932249872631
NCJ43,OUT045,2792.115090088427
FDE17,OUT019,375.117213466181
FDB05,OUT035,4053.5935788602064
FDH10,OUT045,2802.403342365106
NCR06,OUT017,732.7407722413353
FDU32,OUT018,1838.1133331719384
FDD56,OUT049,2835.292591016427
FDO36,OUT018,2637.794403632909
FDH16,OUT010,302.15357884034177
FDX10,OUT018,534.9316359628199
FDZ37,OUT017,1374.5800270615396
FDU31,OUT010,607.2941189350377
DRC49,OUT049,2161.8875817546887
FDL15,OUT045,2431.745114977025
FDN32,OUT019,548.9452645019743
DRH59,OUT027,2018.8332857720357
NCU29,OUT049,2474.922615905025
FDR37,OUT019,548.9452645019743
FDS14,OUT018,2295.598886070788
FDU02,OUT027,5839.267567154909
FDJ08,OUT035,3183.9076662435714
NCZ06,OUT045,3904.2433843772824
FDO31,OUT049,1356.3275678506145
FDH31,OUT018,1492.636739434074
FDS58,OUT017,2623.608993246349
NCA53,OUT027,1343.167451743894
FDF50,OUT046,3144.4969400087466
NCW42,OUT049,3659.4194042376994
NCQ17,OUT045,2431.745114977025
FDK51,OUT018,3677.69104367918
NCW41,OUT010,396.7727191406482
NCR29,OUT017,943.0631708525694
FDB08,OUT019,396.7727191406482
FDA40,OUT027,2367.7236696073232
FDL14,OUT018,2404.2476012936804
FDB47,OUT046,3506.7536488221826
FDO03,OUT035,4117.1907980990645
DRK13,OUT019,548.9452645019743
FDX13,OUT010,606.2742769699261
FDF52,OUT046,3144.4969400087466
FDT11,OUT013,3144.4969400087466
FDB08,OUT013,2623.608993246349
FDQ28,OUT018,2222.132151948715
FDD29,OUT045,3995.730923769503
NCQ29,OUT027,5964.171141108538
NCO02,OUT013,1076.0894512681207
FDR56,OUT010,548.9452645019743
NCM54,OUT049,2035.0433022378409
FDP51,OUT035,1935.94597059338
FDT38,OUT013,1365.9065081716462
FDZ20,OUT018,3655.8082566176786
FDJ53,OUT013,1994.819613161066
FDX13,OUT049,4038.908424697503
FDP58,OUT035,3546.1643750570074
NCK31,OUT019,156.92938056794068
FDA35,OUT018,1838.1133331719384
FDV37,OUT018,2822.6946660894596
NCO07,OUT027,5502.445752752667
FDA20,OUT045,3101.3194390807466
FDZ59,OUT035,2761.3899362617403
NCY17,OUT017,732.7407722413353
FDQ28,OUT035,2514.3333421398497
FDV35,OUT017,2466.249097015131
FDQ36,OUT013,708.1691183687428
FDD34,OUT018,2394.0433749488784
FDK51,OUT045,3987.0574048796093
FDV31,OUT035,2874.703317251252
FDR04,OUT035,1589.5786007909253
FDR14,OUT049,943.0631708525694
DRC36,OUT010,502.6613104707421
FDE39,OUT019,371.9845362323313
FDP57,OUT049,1665.8742218399968
FDE57,OUT046,2161.8875817546887
NCN18,OUT046,1831.4608716149978
NCQ05,OUT018,2222.132151948715
FDW47,OUT035,2034.2303393958907
FDV46,OUT035,2160.4895072247377
NCP29,OUT045,1032.0665689271038
FDE09,OUT018,1658.2233892090749
NCU06,OUT027,5805.904690796825
FDT19,OUT010,502.6613104707421
DRF15,OUT017,2466.249097015131
DRI51,OUT013,2721.9792100269156
NCX54,OUT013,1665.8742218399968
DRE01,OUT013,3895.4283250494987
NCB07,OUT045,3069.4389623807997
FDU50,OUT035,1935.94597059338
FDG40,OUT035,747.5798446035675
FDW10,OUT018,2496.7435404624966
FDX51,OUT013,3144.4969400087466
NCP17,OUT045,1057.9158511570183
FDP21,OUT035,3183.9076662435714
FDL04,OUT045,1614.0232020221038
FDV23,OUT013,2035.0433022378409
FDF24,OUT046,1356.3275678506145
FDH56,OUT027,2974.383047106263
FDB51,OUT049,984.3720251121658
FDI58,OUT027,2560.0226190027292
FDR20,OUT013,812.3669436352455
FDC51,OUT018,1838.1133331719384
FDB16,OUT027,2367.7236696073232
FDE40,OUT049,984.3720251121658
NCM17,OUT035,772.15149847616
FDU56,OUT035,3183.9076662435714
FDS32,OUT019,377.95209560517975
FDX02,OUT049,3717.507852667905
FDT39,OUT027,3748.6248488804604
FDE35,OUT017,943.0631708525694
NCI42,OUT019,443.88819013721
DRL23,OUT046,1657.2007029501035
FDA10,OUT046,2026.3697833479475
FDA11,OUT013,1550.1678745561005
NCM06,OUT046,2474.922615905025
NCT05,OUT035,4078.319150932328
NCQ02,OUT010,525.7383066919215
NCY06,OUT049,2121.078780989913
FDY56,OUT035,3756.9185789027297
FDL02,OUT035,1696.6114291849283
NCI06,OUT035,2973.6892988137024
FDQ14,OUT045,2431.745114977025
FDQ12,OUT017,3844.429290697427
FDP36,OUT046,821.0404625251389
FDK21,OUT027,5988.89671318066
FDO40,OUT045,2431.745114977025
NCK54,OUT019,371.2971758391139
FDY09,OUT018,2547.4819409603524
NCW30,OUT049,3980.8199762672975
NCC55,OUT027,1107.1846261862277
FDE58,OUT018,1690.9317564027597
FDR39,OUT013,3135.823421118853
FDU28,OUT049,3135.823421118853
FDH08,OUT017,3844.429290697427
FDG35,OUT045,2741.3766895905715
FDG22,OUT049,708.1691183687428
FDC34,OUT035,2554.3710042582816
FDP15,OUT018,4283.461091968474
FDK34,OUT010,630.9998490420477
FDU45,OUT035,1935.94597059338
FDQ04,OUT027,1131.7562800588203
FDX22,OUT018,3165.412948785226
FDB45,OUT017,1615.1358213421413
NCH43,OUT027,5006.778299073694
DRE60,OUT046,3692.7822805957835
FDD17,OUT027,5898.214786476021
NCM54,OUT017,2065.2268631401257
NCH55,OUT013,2065.2268631401257
NCT06,OUT017,2635.4550776273513
FDA48,OUT027,5676.193290276442
FDY58,OUT027,5863.993139227031
FDO25,OUT045,3463.5761478941827
FDN50,OUT045,1525.4755564109746
FDH35,OUT035,2666.1922849722823
FDK09,OUT045,3776.5262176973056
FDO16,OUT013,1356.3275678506145
FDW11,OUT045,1066.5893700469117
FDU47,OUT027,3261.6849483079072
NCQ42,OUT010,374.96505907348984
FDK55,OUT027,2462.8982465480017
FDN08,OUT049,1896.5352443585552
FDT57,OUT045,3835.473437018416
FDJ12,OUT018,3165.412948785226
DRL59,OUT017,845.9877842141441
NCN53,OUT046,708.1691183687428
FDO51,OUT010,60.14893206799871
FDK56,OUT017,3144.4969400087466
FDY12,OUT035,917.2728286854694
FDU15,OUT035,747.5798446035675
FDQ19,OUT046,3878.650937946416
DRF15,OUT045,2423.071596087131
DRE25,OUT019,302.15357884034177
FDK57,OUT018,1708.523556899078
FDD33,OUT010,606.2742769699261
FDR34,OUT027,5901.848769086378
FDU04,OUT045,1991.8658013098411
FDE35,OUT019,173.09022651657375
NCD31,OUT035,2674.865803862176
FDJ56,OUT035,1705.2849480748216
NCU53,OUT046,2635.4550776273513
FDD39,OUT035,3546.1643750570074
NCU17,OUT019,363.58613939430177
FDJ20,OUT046,2003.9994387455988
NCW41,OUT018,2404.2476012936804
FDL52,OUT035,772.15149847616
FDS39,OUT035,2201.2983079895134
DRJ47,OUT045,2783.4415711985334
FDP13,OUT010,60.14893206799871
DRK39,OUT010,312.7744357542061
FDF28,OUT010,383.6385779633833
FDB09,OUT045,2022.049362212126
FDM51,OUT046,1577.7424270158558
DRM49,OUT018,647.8029801192164
DRF23,OUT013,2835.292591016427
DRH01,OUT035,2874.703317251252
FDH12,OUT027,2662.5107018679887
FDA28,OUT019,371.9845362323313
FDW37,OUT018,1214.9600085836046
FDF02,OUT046,1665.8742218399968
DRL37,OUT046,732.7407722413353
NCF43,OUT046,2161.8875817546887
FDH08,OUT010,630.9998490420477
FDR34,OUT019,1071.1246475754226
NCK19,OUT049,3144.4969400087466
NCD55,OUT018,559.5032898354124
FDT27,OUT049,3844.429290697427
FDQ57,OUT045,2431.745114977025
FDA47,OUT035,2674.865803862176
DRG15,OUT027,1840.786594978696
FDE05,OUT018,2222.132151948715
FDN46,OUT046,1665.8742218399968
FDX27,OUT027,2560.0226190027292
FDT51,OUT045,1788.283370686998
FDU33,OUT013,732.7407722413353
FDJ16,OUT027,1735.997513320825
FDD20,OUT019,371.9845362323313
FDT36,OUT049,708.1691183687428
DRF15,OUT027,3748.6248488804604
FDN52,OUT010,299.1094221260974
FDC22,OUT027,5140.350473142256
FDX15,OUT045,2580.4314923183492
FDT13,OUT013,3144.4969400087466
FDU04,OUT017,2035.0433022378409
FDU31,OUT019,607.2941189350377
FDW59,OUT027,2367.7236696073232
NCO29,OUT046,2635.4550776273513
FDL15,OUT035,2514.3333421398497
FDI41,OUT049,2466.249097015131
FDQ48,OUT049,1626.8585331606196
DRI39,OUT013,943.0631708525694
FDI08,OUT013,4137.086520394386
FDC21,OUT049,1831.4608716149978
FDF58,OUT035,1070.78991169377
FDS08,OUT010,436.4321605807683
FDE47,OUT045,1991.8658013098411
NCP18,OUT019,375.117213466181
NCR41,OUT013,1550.1678745561005
FDA27,OUT013,4071.7378649828133
FDA43,OUT035,3183.9076662435714
FDA49,OUT045,1356.4064269504372
NCE55,OUT018,2646.467922522803
DRM49,OUT027,1220.0559703426243
FDF22,OUT027,5502.445752752667
FDQ15,OUT018,1133.133138697136
NCS54,OUT017,2835.292591016427
NCY05,OUT013,708.1691183687428
FDR45,OUT046,4641.53191911078
FDK57,OUT049,2035.0433022378409
FDF41,OUT010,778.4943963465624
FDV21,OUT046,2065.2268631401257
FDD51,OUT046,821.0404625251389
FDF33,OUT046,1665.8742218399968
FDA38,OUT046,3878.650937946416
FDR56,OUT045,3101.3194390807466
NCN41,OUT017,2035.0433022378409
FDC60,OUT027,2367.7236696073232
FDB47,OUT045,3463.5761478941827
DRH01,OUT013,2835.292591016427
FDW08,OUT046,1665.8742218399968
FDF38,OUT027,1131.7562800588203
FDY32,OUT017,2635.4550776273513
FDG34,OUT049,1665.8742218399968
FDG47,OUT019,754.2659932991305
NCF18,OUT035,3152.0271895436244
FDL39,OUT019,281.7228964327701
NCH55,OUT035,2104.6375893749505
DRJ35,OUT049,984.3720251121658
FDS44,OUT035,4030.994204772053
DRE01,OUT018,3487.835132542219
FDY39,OUT013,3144.4969400087466
FDY32,OUT018,2394.0433749488784
FDR33,OUT027,2963.2373644176264
NCP50,OUT049,1356.3275678506145
FDZ47,OUT018,1345.8865286579355
FDU57,OUT049,2474.922615905025
FDY44,OUT013,3144.4969400087466
DRH59,OUT018,977.9495018016835
FDB03,OUT027,5873.489214403899
FDY46,OUT045,3092.645920190853
FDM39,OUT045,2836.8639213959477
FDY36,OUT035,1190.5977104424314
NCM55,OUT035,3183.9076662435714
FDJ50,OUT010,139.95947631896212
DRL60,OUT013,2474.922615905025
NCJ54,OUT049,3786.3408422672214
FDX59,OUT017,708.1691183687428
FDI07,OUT013,3219.5959454580047
DRF51,OUT010,60.14893206799871
FDM14,OUT017,1665.8742218399968
FDP21,OUT045,3101.3194390807466
FDE40,OUT035,1115.5001775029455
FDE05,OUT035,2514.3333421398497
FDM13,OUT027,3261.6849483079072
FDC34,OUT027,3732.347994419838
NCI55,OUT018,1829.439814282045
NCE43,OUT018,2480.5675073484426
FDW58,OUT018,1461.5928759418318
FDG60,OUT045,3826.799918128522
FDV31,OUT017,2835.292591016427
FDR47,OUT013,3144.4969400087466
FDM60,OUT019,60.14893206799871
NCF06,OUT018,3628.2761141388683
NCN26,OUT027,2974.383047106263
FDQ59,OUT049,1374.5800270615396
FDF09,OUT046,708.1691183687428
NCS06,OUT017,3980.8199762672975
FDT44,OUT046,1896.5352443585552
FDI19,OUT017,3878.650937946416
FDT22,OUT017,984.3720251121658
NCF54,OUT027,4647.67183411649
DRG25,OUT045,3816.1859847951705
FDB59,OUT017,3135.823421118853
FDQ37,OUT017,3873.764825398884
FDP56,OUT035,860.4511887599635
FDW44,OUT035,2874.703317251252
FDJ26,OUT010,607.2941189350377
FDU43,OUT018,3285.4245015713955
FDW33,OUT045,1622.696720911997
NCX53,OUT027,3318.225824152932
FDN56,OUT010,375.117213466181
DRF15,OUT049,2466.249097015131
FDO33,OUT017,1896.5352443585552
FDZ39,OUT010,354.9126205044083
NCJ19,OUT017,934.3896519626761
FDU01,OUT035,3175.2341473536776
FDT12,OUT035,3756.9185789027297
NCM18,OUT018,811.1345427062425
FDP19,OUT017,2065.2268631401257
NCR42,OUT049,708.1691183687428
FDN10,OUT046,1896.5352443585552
FDG44,OUT017,943.0631708525694
FDQ10,OUT046,2835.292591016427
DRH13,OUT049,1665.8742218399968
FDT52,OUT013,3920.15389712162
FDM56,OUT045,1788.283370686998
NCO43,OUT010,363.58613939430177
NCV29,OUT035,2874.703317251252
NCF06,OUT013,4022.3229354425016
FDO50,OUT035,1436.2817361142456
FDT59,OUT013,3885.932249872631
FDX40,OUT027,1107.1846261862277
FDE50,OUT017,3135.823421118853
FDX51,OUT017,3144.4969400087466
NCD30,OUT018,1368.2568732602842
FDK15,OUT013,1665.8742218399968
FDL12,OUT045,974.8719438909568
FDK46,OUT017,4038.908424697503
DRH49,OUT010,250.158898797199
FDQ57,OUT046,2474.922615905025
FDY59,OUT017,1493.9953823341482
FDO09,OUT018,3661.6389904969524
NCG30,OUT035,2095.9640704850567
FDM09,OUT017,2721.9792100269156
NCN17,OUT027,2662.5107018679887
NCS42,OUT013,1396.8710098794209
FDD02,OUT019,371.2971758391139
FDE34,OUT013,3144.4969400087466
FDU38,OUT045,3101.3194390807466
FDB33,OUT046,2623.608993246349
NCJ29,OUT017,1374.5800270615396
FDZ27,OUT035,860.4511887599635
FDI40,OUT013,1577.7424270158558
FDG22,OUT013,708.1691183687428
FDT51,OUT017,1831.4608716149978
FDF20,OUT018,2822.6946660894596
FDV50,OUT035,2074.4540284726663
FDT02,OUT049,708.1691183687428
DRC49,OUT017,2474.922615905025
FDF26,OUT049,2474.922615905025
FDV52,OUT035,1904.902107101138
FDX59,OUT049,708.1691183687428
FDV25,OUT035,4254.816186813372
FDW23,OUT027,1131.7562800588203
FDE53,OUT018,1492.636739434074
FDA19,OUT017,2121.078780989913
FDH22,OUT046,2065.2268631401257
NCO41,OUT013,1550.1678745561005
FDX12,OUT017,3878.650937946416
FDF17,OUT013,3144.4969400087466
FDS11,OUT045,3674.330351739905
FDR51,OUT035,2514.3333421398497
FDT49,OUT010,363.58613939430177
FDC56,OUT013,1994.819613161066
FDR13,OUT027,2974.383047106263
FDQ60,OUT035,2034.2303393958907
FDN38,OUT049,4014.1828526253817
NCL29,OUT013,2623.608993246349
FDO13,OUT027,4053.2095277338176
FDE26,OUT018,2222.132151948715
FDA31,OUT010,502.6613104707421
FDX14,OUT035,1190.5977104424314
FDA34,OUT045,2792.115090088427
FDF26,OUT013,2474.922615905025
FDE38,OUT045,2678.8017090989156
DRI11,OUT046,1896.5352443585552
FDQ60,OUT027,2974.383047106263
FDL21,OUT027,1131.7562800588203
DRC12,OUT027,5140.350473142256
FDC47,OUT046,4045.2718153428796
FDE57,OUT045,2077.901280061913
FDT14,OUT045,1951.6421122330662
NCZ53,OUT046,3144.4969400087466
FDE28,OUT018,3453.61348529323
FDR19,OUT035,2514.3333421398497
NCF54,OUT019,502.6613104707421
FDZ08,OUT046,1356.3275678506145
NCJ05,OUT018,2213.4586330588213
FDF59,OUT046,2065.2268631401257
NCO05,OUT035,1705.2849480748216
FDW24,OUT018,647.8029801192164
NCX42,OUT018,2480.5675073484426
NCA53,OUT035,860.4511887599635
FDI45,OUT019,502.6613104707421
FDG46,OUT046,1852.1873012765352
FDM20,OUT010,630.9998490420477
FDW11,OUT010,173.09022651657375
FDX08,OUT035,2973.6892988137024
NCK17,OUT035,772.15149847616
FDK32,OUT018,2222.132151948715
NCA42,OUT035,2663.019719481174
DRI01,OUT035,2874.703317251252
NCL55,OUT049,4038.908424697503
DRE25,OUT018,1376.9303921501776
FDD14,OUT017,3113.453076516504
FDB10,OUT046,3878.650937946416
DRN11,OUT035,2514.3333421398497
FDP38,OUT018,647.8029801192164
NCA30,OUT017,3112.6164633087997
FDT15,OUT017,3144.4969400087466
NCP55,OUT018,769.825688446647
FDF12,OUT035,2514.3333421398497
FDM21,OUT018,3677.69104367918
FDX56,OUT035,3546.1643750570074
FDF10,OUT017,2474.922615905025
FDT32,OUT045,3092.645920190853
FDM51,OUT018,1492.636739434074
NCR50,OUT018,2492.451231762634
FDI19,OUT049,3878.650937946416
FDX21,OUT017,1665.8742218399968
FDR31,OUT035,2514.3333421398497
FDY02,OUT013,4055.6858118005857
NCA29,OUT045,2792.115090088427
NCX17,OUT046,3520.7876219096647
FDM12,OUT045,3101.3194390807466
FDI53,OUT027,4020.702350610644
NCU30,OUT049,2635.4550776273513
FDC56,OUT027,3189.029887950151
FDK27,OUT018,1838.1133331719384
NCK18,OUT017,2721.9792100269156
FDB52,OUT019,572.8226011412204
DRG25,OUT027,5855.217018856681
FDZ13,OUT049,845.9877842141441
FDB57,OUT019,620.747562327595
FDR40,OUT046,1356.3275678506145
NCO14,OUT019,60.14893206799871
NCN19,OUT045,3101.3194390807466
FDQ28,OUT019,375.117213466181
FDO13,OUT018,2394.0433749488784
FDK48,OUT013,1315.0441399929523
FDU07,OUT018,2222.132151948715
FDW20,OUT046,2003.9994387455988
FDV12,OUT010,371.08689134214046
FDH24,OUT013,2592.5651297541067
FDV59,OUT049,3506.7536488221826
FDK57,OUT045,1951.6421122330662
FDL16,OUT027,1220.0559703426243
NCQ17,OUT046,2474.922615905025
FDJ15,OUT018,2822.6946660894596
FDX24,OUT049,1493.9953823341482
FDT47,OUT046,1550.1678745561005
FDT10,OUT049,984.3720251121658
FDZ37,OUT018,1201.3425446556166
FDW43,OUT027,5863.993139227031
DRN36,OUT017,1550.1678745561005
FDJ14,OUT045,1305.5440587717433
FDA32,OUT013,3506.7536488221826
FDJ38,OUT019,548.9452645019743
FDQ57,OUT017,2474.922615905025
NCQ41,OUT019,548.9452645019743
FDG56,OUT049,984.3720251121658
DRC13,OUT027,3189.029887950151
FDV55,OUT035,2514.3333421398497
FDQ49,OUT045,2571.7579734284554
FDE29,OUT010,173.09022651657375
FDR03,OUT013,3506.7536488221826
FDD45,OUT049,1493.9953823341482
FDN38,OUT010,754.2659932991305
FDT56,OUT046,943.0631708525694
FDT48,OUT045,3176.4184445300048
FDU03,OUT049,2925.605053688984
FDC56,OUT010,371.2971758391139
NCO43,OUT027,2636.7132776072476
FDQ27,OUT017,1665.8742218399968
FDR03,OUT046,3506.7536488221826
DRH23,OUT010,131.78137225697782
FDG22,OUT045,723.2406910201263
NCJ42,OUT013,1657.2007029501035
FDR24,OUT046,1396.8710098794209
FDW60,OUT035,2874.703317251252
FDJ08,OUT013,3144.4969400087466
DRL59,OUT018,672.7503018082216
FDG60,OUT010,597.6007580800327
FDW27,OUT017,2474.922615905025
FDX14,OUT018,1141.8066575870293
FDC20,OUT013,943.0631708525694
NCS29,OUT018,3686.3645625690738
FDJ56,OUT046,1665.8742218399968
FDB20,OUT019,258.8324176870925
FDL28,OUT027,5863.993139227031
FDW01,OUT018,2222.132151948715
FDL03,OUT046,3135.823421118853
FDX22,OUT049,3506.7536488221826
FDJ21,OUT035,2544.9002557289073
FDR31,OUT045,2431.745114977025
FDG21,OUT035,2514.3333421398497
FDS22,OUT027,1131.7562800588203
FDK08,OUT035,1666.2692593954444
FDE17,OUT018,2213.4586330588213
NCN30,OUT017,1550.1678745561005
FDT50,OUT046,1550.1678745561005
NCX42,OUT049,2635.4550776273513
FDJ12,OUT035,3546.1643750570074
NCA18,OUT027,2974.383047106263
FDP23,OUT019,607.2941189350377
FDX12,OUT013,3920.15389712162
FDN40,OUT018,2222.132151948715
FDV48,OUT035,1354.454866227777
NCY54,OUT013,2835.292591016427
FDL16,OUT010,148.44862235180278
FDR45,OUT018,3964.712825778709
FDJ52,OUT046,2623.608993246349
DRG01,OUT017,1315.0441399929523
FDP52,OUT013,3877.2587309827372
FDU58,OUT017,3144.4969400087466
FDL02,OUT045,1614.0232020221038
FDG28,OUT013,3920.15389712162
FDA19,OUT035,2104.6375893749505
FDW46,OUT027,2018.8332857720357
NCD43,OUT049,1665.8742218399968
DRG39,OUT013,845.9877842141441
NCF55,OUT049,708.1691183687428
FDJ07,OUT046,1896.5352443585552
FDE08,OUT046,2474.922615905025
FDP56,OUT019,148.44862235180278
FDT45,OUT045,868.3620212294358
FDF17,OUT018,2822.6946660894596
FDX44,OUT046,1374.5800270615396
FDM28,OUT027,4760.955213105862
FDI36,OUT049,3144.4969400087466
FDS07,OUT045,1853.3577434305555
FDD36,OUT045,1853.3577434305555
FDW11,OUT046,984.3720251121658
FDN40,OUT049,2474.922615905025
NCQ18,OUT049,1550.1678745561005
NCQ54,OUT017,2721.9792100269156
NCS42,OUT045,1372.178691734295
DRH39,OUT010,227.78855419485038
FDC09,OUT027,2662.5107018679887
FDT08,OUT010,375.117213466181
FDC08,OUT035,3748.245060012836
FDT20,OUT017,708.1691183687428
FDS35,OUT035,1115.5001775029455
FDX58,OUT018,2822.6946660894596
FDW58,OUT046,1634.8303583477548
DRD27,OUT046,1618.1850142707262
FDH32,OUT019,358.326071062294
FDS26,OUT035,4044.9200599703126
FDQ31,OUT046,1374.5800270615396
FDP11,OUT018,3165.412948785226
FDD58,OUT017,1626.8585331606196
FDM33,OUT045,3463.5761478941827
FDZ16,OUT049,3144.4969400087466
NCS29,OUT010,754.2659932991305
NCM18,OUT019,173.09022651657375
FDP11,OUT049,3506.7536488221826
NCC42,OUT017,2161.8875817546887
DRM23,OUT046,2835.292591016427
NCN55,OUT027,5898.214786476021
FDK46,OUT013,4080.411383872707
FDR01,OUT046,3219.5959454580047
NCA05,OUT045,2400.7012514847825
NCP43,OUT017,2934.2785725788776
FDR12,OUT010,424.87401158459426
FDQ01,OUT013,4047.012292910692
FDM13,OUT046,2121.078780989913
FDQ19,OUT017,3878.650937946416
FDK56,OUT019,548.9452645019743
NCX06,OUT010,525.7383066919215
FDO56,OUT027,2974.383047106263
FDU45,OUT045,1809.0098003485355
FDI16,OUT019,131.78137225697782
FDL32,OUT046,1896.5352443585552
FDA07,OUT046,2035.0433022378409
FDA14,OUT045,2431.745114977025
FDV46,OUT027,3261.6849483079072
NCO07,OUT035,3546.1643750570074
NCP41,OUT046,1665.8742218399968
FDY60,OUT018,1909.0971177983772
FDN38,OUT017,4014.1828526253817
FDO15,OUT046,1151.1869842076067
FDT60,OUT013,2035.0433022378409
FDA55,OUT035,3756.9185789027297
FDE02,OUT010,358.326071062294
DRJ39,OUT049,3708.834333778011
FDV34,OUT035,1190.5977104424314
FDS20,OUT027,5140.350473142256
FDF02,OUT027,2662.5107018679887
FDW40,OUT017,2161.8875817546887
NCB43,OUT046,3112.6164633087997
FDR58,OUT017,1396.8710098794209
DRJ59,OUT035,772.15149847616
NCD30,OUT017,1618.1850142707262
FDE14,OUT017,1550.1678745561005
FDC28,OUT018,1492.636739434074
FDU16,OUT018,1174.4165665547982
NCD19,OUT035,982.4738970873941
FDU21,OUT046,708.1691183687428
FDV59,OUT027,5502.445752752667
FDU03,OUT045,3092.645920190853
FDC33,OUT010,575.1592335518758
NCR42,OUT035,747.5798446035675
DRH59,OUT035,1190.5977104424314
NCM31,OUT035,2201.2983079895134
FDS50,OUT035,3756.9185789027297
FDP39,OUT046,877.8621024506448
FDQ55,OUT013,1896.5352443585552
FDV36,OUT019,371.9845362323313
FDI05,OUT027,2245.174416137869
FDS45,OUT027,2662.5107018679887
FDA39,OUT045,723.2406910201263
FDC37,OUT010,376.44061297235913
FDJ60,OUT027,4308.008827088744
DRQ35,OUT046,2035.0433022378409
NCJ06,OUT046,1986.1460942711726
NCY42,OUT018,2222.132151948715
DRM37,OUT049,3634.340415791115
FDR14,OUT045,836.487702992935
FDE51,OUT049,732.7407722413353
FDT33,OUT017,2721.9792100269156
FDR08,OUT013,1843.5137823866419
FDE36,OUT010,698.5142850253559
FDL22,OUT019,302.15357884034177
FDR44,OUT013,2121.078780989913
FDI56,OUT019,302.15357884034177
FDE47,OUT010,383.6385779633833
FDV27,OUT010,302.15357884034177
FDV10,OUT049,732.7407722413353
FDC40,OUT045,1305.5440587717433
NCX41,OUT013,3498.080129932289
NCQ38,OUT027,2662.5107018679887
FDV12,OUT027,2662.5107018679887
FDE52,OUT017,1374.5800270615396
FDG20,OUT027,4647.67183411649
FDV16,OUT027,1107.1846261862277
FDI32,OUT017,1896.5352443585552
FDJ32,OUT049,984.3720251121658
FDN39,OUT018,2471.893988458549
FDY34,OUT017,2721.9792100269156
FDC14,OUT035,772.15149847616
FDA55,OUT017,3717.507852667905
FDZ50,OUT010,548.9452645019743
DRG13,OUT049,2635.4550776273513
FDP01,OUT013,2443.8787524127824
NCG54,OUT017,2835.292591016427
FDM13,OUT045,2077.901280061913
NCO18,OUT027,4760.955213105862
NCW41,OUT013,2474.922615905025
FDM52,OUT027,3748.6248488804604
NCF55,OUT035,747.5798446035675
FDT09,OUT046,2121.078780989913
NCM19,OUT035,1870.8715978498226
FDW12,OUT018,2222.132151948715
FDP15,OUT019,1127.6695258461011
FDK36,OUT045,811.5403813039298
FDZ25,OUT035,2874.703317251252
NCW06,OUT049,3121.2899821986935
FDW60,OUT046,2934.2785725788776
DRC49,OUT013,2474.922615905025
NCT17,OUT035,3183.9076662435714
NCN06,OUT018,2394.0433749488784
FDC45,OUT013,2835.292591016427
DRJ47,OUT019,502.6613104707421
NCF06,OUT045,3937.6424753392976
FDE21,OUT010,371.2971758391139
DRG27,OUT013,732.7407722413353
FDW40,OUT049,2161.8875817546887
NCO53,OUT046,3144.4969400087466
FDE23,OUT049,732.7407722413353
FDQ16,OUT046,1657.2007029501035
FDS26,OUT045,3962.331832807488
FDZ13,OUT010,148.44862235180278
FDS14,OUT049,2474.922615905025
FDC10,OUT045,1853.3577434305555
FDY16,OUT049,3135.823421118853
FDJ20,OUT035,2073.593725882708
FDV43,OUT035,772.15149847616
FDZ32,OUT027,2662.5107018679887
FDR23,OUT046,2835.292591016427
FDN24,OUT035,917.2728286854694
FDE34,OUT027,5140.350473142256
FDU31,OUT013,3506.7536488221826
FDW33,OUT018,1492.636739434074
FDU26,OUT046,1896.5352443585552
FDE20,OUT027,4308.008827088744
NCW05,OUT035,1696.6114291849283
FDB22,OUT018,2222.132151948715
FDO56,OUT046,1896.5352443585552
FDA19,OUT027,3261.6849483079072
DRI39,OUT045,933.5630896313604
FDH52,OUT018,811.1345427062425
FDZ50,OUT035,3183.9076662435714
NCN42,OUT035,2505.659823249956
FDB53,OUT013,2474.922615905025
DRG11,OUT017,1665.8742218399968
DRK11,OUT027,3748.6248488804604
FDQ60,OUT017,2035.0433022378409
FDT36,OUT017,708.1691183687428
DRG25,OUT018,3537.5612118038835
DRJ23,OUT046,3135.823421118853
FDG05,OUT035,2663.019719481174
NCK06,OUT018,1838.1133331719384
FDU52,OUT017,2474.922615905025
FDW07,OUT018,1201.3425446556166
NCM17,OUT045,723.2406910201263
FDA22,OUT045,2678.8017090989156
NCA41,OUT018,2822.6946660894596
FDF38,OUT035,772.15149847616
FDH52,OUT046,984.3720251121658
FDY58,OUT019,620.747562327595
FDZ16,OUT045,3101.3194390807466
NCM18,OUT017,984.3720251121658
FDA22,OUT018,2480.5675073484426
NCJ43,OUT035,2874.703317251252
FDI34,OUT027,5839.267567154909
FDG56,OUT046,984.3720251121658
FDS34,OUT046,1887.861725468662
DRC01,OUT035,860.4511887599635
FDQ04,OUT035,772.15149847616
FDK04,OUT035,982.4738970873941
FDT51,OUT049,1831.4608716149978
FDV26,OUT017,3135.823421118853
FDS04,OUT049,2161.8875817546887
FDW43,OUT018,3469.6655384754577
FDQ28,OUT010,375.117213466181
NCK06,OUT017,2035.0433022378409
FDS23,OUT018,1924.14881192401
FDZ36,OUT019,548.9452645019743
FDE56,OUT018,811.1345427062425
FDW10,OUT027,4647.67183411649
NCN14,OUT045,3092.645920190853
NCQ18,OUT045,1525.4755564109746
FDW08,OUT017,1665.8742218399968
FDU43,OUT035,3690.9254611382958
FDR33,OUT010,376.44061297235913
FDM24,OUT010,375.117213466181
NCZ05,OUT046,1665.8742218399968
NCV41,OUT035,1891.59802751136
FDV11,OUT018,2547.4819409603524
NCY05,OUT035,747.5798446035675
FDV44,OUT018,2822.6946660894596
FDW32,OUT049,1347.6540489607212
NCU18,OUT027,3318.225824152932
NCC43,OUT035,3539.2374536813477
FDW19,OUT013,1831.4608716149978
FDN31,OUT035,3183.9076662435714
FDI48,OUT045,811.5403813039298
FDS24,OUT017,1346.1326093815653
FDF46,OUT049,1896.5352443585552
DRG23,OUT017,2474.922615905025
FDG14,OUT018,2363.9969002094854
NCY30,OUT049,2925.605053688984
FDO28,OUT018,1838.1133331719384
DRD24,OUT035,2201.2983079895134
FDI33,OUT049,1480.9075922338234
FDN32,OUT046,3144.4969400087466
FDR16,OUT045,3463.5761478941827
FDF26,OUT046,2474.922615905025
NCN29,OUT018,647.8029801192164
FDE20,OUT045,2678.8017090989156
FDA46,OUT046,3144.4969400087466
FDU28,OUT045,3092.645920190853
FDQ48,OUT045,1602.1662150154937
FDV36,OUT013,2056.553344250232
FDR14,OUT018,704.6246200447223
FDP23,OUT017,3506.7536488221826
FDP56,OUT013,821.0404625251389
FDK48,OUT010,258.8324176870925
FDR48,OUT046,2474.922615905025
NCY29,OUT049,943.0631708525694
FDM22,OUT018,704.6246200447223
DRJ01,OUT013,2359.618426425932
FDZ43,OUT045,3835.473437018416
FDV03,OUT035,2514.3333421398497
FDX11,OUT027,5140.350473142256
NCA41,OUT027,5140.350473142256
FDE38,OUT017,2721.9792100269156
FDI27,OUT018,647.8029801192164
FDN32,OUT013,3144.4969400087466
NCN43,OUT017,2035.0433022378409
FDB47,OUT027,5502.445752752667
FDV03,OUT017,2474.922615905025
NCN30,OUT045,1525.4755564109746
NCV54,OUT010,371.00055374940877
FDV07,OUT013,1665.8742218399968
FDP07,OUT049,3144.4969400087466
FDK48,OUT018,977.9495018016835
FDM15,OUT019,375.117213466181
FDY19,OUT027,2974.383047106263
FDK46,OUT046,4038.908424697503
FDY11,OUT045,1066.5893700469117
FDH09,OUT046,845.9877842141441
FDO08,OUT027,4053.2095277338176
FDU14,OUT013,4080.411383872707
FDD22,OUT027,2974.383047106263
FDM27,OUT017,2623.608993246349
FDL02,OUT027,2662.5107018679887
NCA17,OUT035,2505.659823249956
FDE38,OUT019,409.5016487611652
NCG07,OUT049,3121.2899821986935
DRC27,OUT013,3920.15389712162
FDA27,OUT035,4069.645632042434
FDW40,OUT045,2118.7100808266887
DRI11,OUT013,1896.5352443585552
FDN50,OUT046,1550.1678745561005
FDR12,OUT046,2835.292591016427
FDT34,OUT027,2662.5107018679887
FDW11,OUT035,1023.7827513469904
NCO30,OUT027,5117.143515332204
FDZ34,OUT017,3825.953395998577
FDU45,OUT017,1852.1873012765352
NCD42,OUT035,747.5798446035675
FDX25,OUT045,2891.1010716508777
NCR29,OUT046,943.0631708525694
FDX43,OUT019,424.87401158459426
FDB04,OUT010,299.1094221260974
FDR49,OUT027,1343.167451743894
FDS39,OUT018,1909.0971177983772
FDW58,OUT045,1591.652857419755
FDG22,OUT019,35.577278195406365
FDG31,OUT017,1031.3791854589451
NCV53,OUT027,6090.578356721022
DRJ37,OUT035,2514.3333421398497
FDV07,OUT035,1870.8715978498226
FDW52,OUT018,2394.0433749488784
FDT15,OUT045,3101.3194390807466
FDD02,OUT018,1699.605275292653
FDM16,OUT035,1190.5977104424314
NCE55,OUT046,2835.292591016427
FDB57,OUT018,3367.4936337410545
FDQ04,OUT013,732.7407722413353
FDQ47,OUT019,35.577278195406365
FDY14,OUT019,754.2659932991305
DRK37,OUT017,3321.7351738542698
FDO25,OUT017,3506.7536488221826
FDL57,OUT046,4209.588856080503
NCK29,OUT018,1838.1133331719384
FDK46,OUT027,5988.89671318066
NCB43,OUT010,517.0647878020281
DRE01,OUT027,5873.489214403899
FDC46,OUT018,2822.6946660894596
FDQ23,OUT045,1622.696720911997
FDX38,OUT049,821.0404625251389
FDG60,OUT018,3503.8871857244467
FDW55,OUT017,3878.650937946416
FDP39,OUT013,821.0404625251389
FDB20,OUT018,1141.8066575870293
FDV21,OUT017,2065.2268631401257
FDZ02,OUT013,1550.1678745561005
FDP19,OUT027,3280.7224670485234
FDA38,OUT035,3918.0616641812408
FDH22,OUT045,2022.049362212126
DRM11,OUT045,3995.730923769503
FDO12,OUT027,5140.350473142256
FDT14,OUT049,1994.819613161066
FDW34,OUT010,630.9998490420477
FDG04,OUT027,5140.350473142256
FDW59,OUT018,1201.3425446556166
FDR33,OUT018,1492.636739434074
FDP32,OUT013,2065.2268631401257
FDL13,OUT027,5863.993139227031
FDD22,OUT013,1896.5352443585552
FDV40,OUT027,2018.8332857720357
NCD55,OUT046,732.7407722413353
FDQ20,OUT010,60.14893206799871
FDD28,OUT045,933.5630896313604
FDC39,OUT045,3463.5761478941827
NCR17,OUT049,1896.5352443585552
DRO35,OUT018,1699.605275292653
FDF40,OUT049,4030.2349058076093
FDR31,OUT018,2222.132151948715
NCQ41,OUT017,3144.4969400087466
FDP38,OUT046,821.0404625251389
NCU54,OUT027,5444.3573043224615
FDG22,OUT018,534.9316359628199
DRK59,OUT013,3566.189630900885
FDC37,OUT046,1665.8742218399968
NCO42,OUT013,2424.184215407169
NCT42,OUT017,2474.922615905025
FDX27,OUT035,1558.5347372986832
FDV40,OUT018,977.9495018016835
FDT45,OUT027,1659.414559947374
FDS47,OUT019,299.1094221260974
FDR45,OUT035,4667.5898376913965
FDB03,OUT045,3810.7478649462946
FDO49,OUT035,917.2728286854694
FDU60,OUT027,4308.008827088744
FDB26,OUT018,672.7503018082216
FDB46,OUT017,3506.7536488221826
FDQ37,OUT019,1419.3813235850896
FDN03,OUT017,4038.908424697503
NCX30,OUT045,3937.6424753392976
FDK32,OUT019,375.117213466181
DRM47,OUT013,3144.4969400087466
NCO02,OUT046,1130.5471318963494
FDP04,OUT013,1076.0894512681207
NCO43,OUT049,1665.8742218399968
FDD59,OUT013,1356.3275678506145
FDQ10,OUT017,2835.292591016427
FDW45,OUT035,2514.3333421398497
NCK30,OUT049,3980.8199762672975
FDU31,OUT018,3165.412948785226
NCQ17,OUT019,375.117213466181
FDN01,OUT017,2835.292591016427
FDZ19,OUT049,2835.292591016427
DRG37,OUT017,2474.922615905025
FDE32,OUT045,667.6251736552919
FDO34,OUT049,2721.9792100269156
FDM04,OUT019,148.44862235180278
FDZ25,OUT049,2835.292591016427
FDU08,OUT049,1626.8585331606196
NCW30,OUT045,3937.6424753392976
NCM18,OUT013,984.3720251121658
FDS22,OUT035,772.15149847616
NCH18,OUT017,3820.5624895162105
FDC23,OUT013,2934.2785725788776
FDY46,OUT013,3135.823421118853
NCU06,OUT046,3786.3408422672214
FDX57,OUT045,1525.4755564109746
FDX36,OUT027,5676.193290276442
FDL16,OUT045,811.5403813039298
FDT16,OUT010,754.2659932991305
FDN16,OUT018,1492.636739434074
FDC03,OUT046,3144.4969400087466
DRF60,OUT013,3920.15389712162
FDS27,OUT027,5105.030449977174
FDP33,OUT010,745.5924744092372
FDJ36,OUT018,1492.636739434074
NCR42,OUT013,708.1691183687428
FDV14,OUT017,1365.9065081716462
NCP42,OUT035,3160.7007084335182
FDB50,OUT027,2245.174416137869
NCC30,OUT027,4647.67183411649
FDA23,OUT018,1492.636739434074
FDW16,OUT017,1396.8710098794209
FDQ52,OUT010,606.2742769699261
FDB58,OUT049,2222.2461763435945
NCP29,OUT049,1076.0894512681207
NCM05,OUT045,4000.9537239902265
FDO25,OUT013,3506.7536488221826
NCM54,OUT046,2065.2268631401257
NCL54,OUT046,2835.292591016427
FDL39,OUT010,281.7228964327701
FDF53,OUT018,2615.4240590305603
NCQ42,OUT035,2095.9640704850567
FDF58,OUT013,1031.3791854589451
FDZ04,OUT035,1115.5001775029455
FDE26,OUT019,377.95209560517975
FDS60,OUT017,2741.590824440391
FDV58,OUT017,2845.5808432931058
FDM04,OUT045,836.487702992935
FDE08,OUT035,2514.3333421398497
NCB43,OUT049,3112.6164633087997
FDU11,OUT010,371.9845362323313
FDF22,OUT019,607.2941189350377
FDE24,OUT013,2161.8875817546887
DRJ49,OUT046,2121.078780989913
NCQ53,OUT035,3918.0616641812408
NCL41,OUT013,708.1691183687428
FDR22,OUT013,1822.7873527251045
FDH04,OUT035,1533.406108568973
DRH15,OUT045,723.2406910201263
FDY40,OUT049,821.0404625251389
NCI17,OUT035,1589.5786007909253
NCC18,OUT013,2826.6190721265334
FDY28,OUT027,5502.445752752667
FDB45,OUT027,2662.5107018679887
NCL30,OUT018,1868.296894074223
FDM10,OUT017,3498.080129932289
FDH22,OUT027,3280.7224670485234
NCZ53,OUT017,3144.4969400087466
NCI18,OUT013,3372.5155412384806
FDH14,OUT027,3318.225824152932
FDR36,OUT027,1131.7562800588203
FDW01,OUT045,2431.745114977025
FDK02,OUT027,3072.667415908774
FDJ02,OUT018,2222.132151948715
FDU55,OUT013,4789.272538646966
NCV18,OUT027,2683.7702766263606
FDH14,OUT018,1924.14881192401
FDZ37,OUT045,1372.178691734295
FDX49,OUT049,3819.7037186253056
NCD43,OUT046,1665.8742218399968
FDZ07,OUT013,984.3720251121658
FDK43,OUT035,2104.6375893749505
FDR32,OUT018,3453.61348529323
FDT39,OUT013,2474.922615905025
NCV54,OUT017,1994.819613161066
FDF38,OUT018,559.5032898354124
FDV60,OUT046,3135.823421118853
FDH44,OUT027,3748.6248488804604
FDS21,OUT046,975.6985062222725
NCL41,OUT045,698.6690371475338
FDM46,OUT017,1550.1678745561005
FDU27,OUT045,802.8668624140365
NCJ54,OUT017,3786.3408422672214
DRG51,OUT018,2394.0433749488784
NCA29,OUT019,424.87401158459426
FDR47,OUT045,3101.3194390807466
NCL19,OUT027,3318.225824152932
DRG01,OUT049,1215.6773885422258
FDG10,OUT046,943.0631708525694
NCV05,OUT049,2474.922615905025
NCH18,OUT019,548.1858285397205
FDV14,OUT018,1192.6690257657233
DRJ23,OUT035,3175.2341473536776
DRJ11,OUT046,3144.4969400087466
FDZ03,OUT017,3144.4969400087466
FDI27,OUT010,148.44862235180278
FDJ14,OUT018,1183.0900854446916
FDU32,OUT017,1994.819613161066
FDD47,OUT027,4647.67183411649
DRF36,OUT035,3584.2393106323434
FDM21,OUT046,4030.2349058076093
FDV10,OUT018,559.5032898354124
FDH60,OUT018,2814.021147199566
FDX47,OUT010,375.117213466181
FDT19,OUT019,502.6613104707421
FDO11,OUT045,3995.730923769503
FDH24,OUT027,4020.702350610644
FDL02,OUT018,1483.9632205441806
FDB02,OUT049,2835.292591016427
FDA43,OUT046,3144.4969400087466
FDG52,OUT045,811.5403813039298
DRC12,OUT013,3144.4969400087466
FDY37,OUT018,1909.0971177983772
NCU18,OUT045,2118.7100808266887
FDU09,OUT035,1072.6105857788054
DRJ25,OUT027,1343.167451743894
DRE12,OUT018,1699.605275292653
DRL47,OUT017,2026.3697833479475
DRK01,OUT046,1550.1678745561005
FDC22,OUT019,548.9452645019743
FDG44,OUT013,877.8621024506448
FDW04,OUT035,2160.4895072247377
FDK09,OUT049,3819.7037186253056
NCN43,OUT035,2074.4540284726663
FDG04,OUT049,3144.4969400087466
FDH32,OUT010,358.326071062294
DRI47,OUT017,2474.922615905025
DRE15,OUT013,1151.1869842076067
FDY11,OUT035,1169.9578581311741
FDO60,OUT049,724.067253351442
FDQ20,OUT018,559.5032898354124
FDO57,OUT027,4053.2095277338176
FDT14,OUT019,371.00055374940877
FDA57,OUT049,724.067253351442
DRN35,OUT017,708.1691183687428
FDJ03,OUT046,821.0404625251389
FDX28,OUT017,1665.8742218399968
DRE25,OUT045,1372.178691734295
FDR09,OUT046,4005.509333735488
FDB23,OUT035,3748.245060012836
FDO08,OUT045,2592.2775766993514
FDQ23,OUT049,1665.8742218399968
FDW04,OUT013,2121.078780989913
DRK13,OUT010,575.1592335518758
NCL17,OUT027,3318.225824152932
FDY21,OUT035,3183.9076662435714
FDJ38,OUT027,5140.350473142256
FDA37,OUT019,383.6385779633833
FDV43,OUT013,732.7407722413353
FDL36,OUT046,1493.9953823341482
FDD53,OUT045,723.2406910201263
FDZ19,OUT010,502.6613104707421
FDV21,OUT045,2022.049362212126
NCL54,OUT018,2547.4819409603524
DRI47,OUT027,3748.6248488804604
DRG03,OUT049,2474.922615905025
FDG21,OUT013,2474.922615905025
FDW03,OUT018,1492.636739434074
NCI55,OUT046,2026.3697833479475
DRC36,OUT019,502.6613104707421
FDH22,OUT017,2065.2268631401257
FDV20,OUT045,2013.3758433222326
NCU41,OUT027,5140.350473142256
FDN46,OUT027,2662.5107018679887
FDK50,OUT045,2592.2775766993514
NCA05,OUT027,3748.6248488804604
DRH01,OUT018,2547.4819409603524
FDT08,OUT018,2222.132151948715
FDM08,OUT018,3376.1671526309483
FDZ07,OUT035,1023.7827513469904
FDS22,OUT017,821.0404625251389
FDV35,OUT027,3748.6248488804604
FDI28,OUT010,258.8324176870925
FDW58,OUT027,2662.5107018679887
FDT52,OUT045,3835.473437018416
FDY34,OUT046,2635.4550776273513
FDR10,OUT046,2623.608993246349
FDK57,OUT017,1994.819613161066
FDR02,OUT027,2712.7361885649875
FDX49,OUT046,3819.7037186253056
FDQ20,OUT046,732.7407722413353
DRK23,OUT045,4177.40247433582
NCW06,OUT046,3121.2899821986935
FDR31,OUT017,2474.922615905025
NCE43,OUT013,2721.9792100269156
DRO59,OUT027,2245.174416137869
FDN09,OUT049,3878.650937946416
FDR11,OUT046,2623.608993246349
FDO57,OUT013,2604.411214135109
NCX18,OUT017,3121.2899821986935
FDB05,OUT018,3661.6389904969524
FDQ08,OUT018,811.1345427062425
NCG43,OUT035,1580.905081901032
FDJ56,OUT013,1665.8742218399968
FDA13,OUT010,35.577278195406365
FDO56,OUT017,1896.5352443585552
FDB37,OUT018,3503.8871857244467
FDZ02,OUT018,1376.9303921501776
FDQ24,OUT046,4038.908424697503
FDM16,OUT013,1151.1869842076067
FDU35,OUT049,1626.8585331606196
FDT35,OUT035,2752.7164173718465
NCX30,OUT049,3820.5624895162105
FDG04,OUT017,3144.4969400087466
FDI12,OUT035,1413.9907532963643
FDE35,OUT035,1023.7827513469904
NCP14,OUT027,2662.5107018679887
NCY53,OUT045,1779.6098517971047
FDP49,OUT017,943.0631708525694
FDQ04,OUT017,732.7407722413353
FDM39,OUT035,3018.438130121223
FDO58,OUT019,409.5016487611652
FDC56,OUT017,1905.4535259649801
NCQ54,OUT046,2721.9792100269156
FDV10,OUT027,1131.7562800588203
NCK17,OUT046,732.7407722413353
NCF55,OUT027,1107.1846261862277
FDV33,OUT013,4080.411383872707
NCH29,OUT019,358.326071062294
FDA37,OUT027,3280.7224670485234
FDH46,OUT018,1492.636739434074
FDS25,OUT035,1870.8715978498226
FDH04,OUT027,2462.8982465480017
FDX52,OUT046,3144.4969400087466
NCD42,OUT017,708.1691183687428
FDW47,OUT017,2035.0433022378409
FDL25,OUT027,2560.0226190027292
NCJ06,OUT010,362.3270348595153
FDY09,OUT013,2835.292591016427
FDS40,OUT046,708.1691183687428
FDH41,OUT017,3506.7536488221826
FDG38,OUT035,1413.9907532963643
FDU03,OUT027,4760.955213105862
FDV20,OUT046,2056.553344250232
DRB13,OUT045,3101.3194390807466
NCQ30,OUT013,1994.819613161066
NCH06,OUT013,3624.952106579789
FDU50,OUT018,1678.9498188706123
NCO42,OUT019,340.3003536861929
FDW09,OUT018,1141.8066575870293
FDH04,OUT013,1396.8710098794209
FDC21,OUT045,1622.696720911997
FDL21,OUT049,732.7407722413353
FDM46,OUT010,302.15357884034177
FDT22,OUT019,173.09022651657375
FDB28,OUT035,3183.9076662435714
FDI12,OUT018,1201.3425446556166
FDA28,OUT045,2022.049362212126
FDF59,OUT013,2065.2268631401257
FDM45,OUT027,3189.029887950151
FDQ56,OUT017,1356.3275678506145
FDR46,OUT049,2474.922615905025
FDT01,OUT013,3506.7536488221826
FDD16,OUT027,2018.8332857720357
NCU30,OUT010,396.7727191406482
FDM40,OUT010,283.9340452931097
FDI56,OUT035,1533.406108568973
NCS30,OUT013,2065.2268631401257
FDU08,OUT017,1626.8585331606196
FDX51,OUT027,5140.350473142256
FDA43,OUT045,3101.3194390807466
FDX59,OUT010,35.577278195406365
FDC37,OUT018,1492.636739434074
FDP58,OUT013,3506.7536488221826
NCY42,OUT035,2201.2983079895134
FDF21,OUT018,2822.6946660894596
FDU10,OUT027,1131.7562800588203
DRL47,OUT018,1829.439814282045
FDA58,OUT018,2981.988200621797
FDJ22,OUT049,2996.6022524788295
FDK50,OUT046,2623.608993246349
FDO38,OUT035,1354.454866227777
DRF60,OUT035,3918.0616641812408
NCZ42,OUT019,572.9114006118422
FDD35,OUT049,1896.5352443585552
FDL25,OUT045,1469.3030641890223
FDJ16,OUT013,943.0631708525694
DRK59,OUT049,3558.90831897467
FDI50,OUT046,3947.6868137318747
NCB19,OUT045,1365.0799458403305
DRI37,OUT035,1023.7827513469904
FDA14,OUT027,3748.6248488804604
FDC08,OUT018,3444.9399664033363
FDS45,OUT046,1665.8742218399968
FDI21,OUT049,1076.0894512681207
DRJ47,OUT035,2866.029798361358
DRE37,OUT027,5140.350473142256
FDT55,OUT018,2695.825170269648
NCG42,OUT027,3261.6849483079072
FDA31,OUT049,2835.292591016427
NCW42,OUT046,3659.4194042376994
FDF50,OUT017,3144.4969400087466
FDK56,OUT049,3144.4969400087466
FDX10,OUT035,747.5798446035675
NCK07,OUT027,4053.2095277338176
FDZ49,OUT017,3692.7822805957835
FDR33,OUT013,1665.8742218399968
FDO44,OUT018,1658.2233892090749
FDA20,OUT046,3144.4969400087466
NCL30,OUT045,2022.049362212126
FDI05,OUT019,194.34201335247337
FDQ12,OUT018,3478.3390573653514
FDH47,OUT017,1550.1678745561005
FDH34,OUT018,2822.6946660894596
FDF29,OUT046,2121.078780989913
FDG40,OUT018,534.9316359628199
NCE18,OUT017,3980.8199762672975
FDP21,OUT010,548.9452645019743
FDY50,OUT013,1396.8710098794209
FDB36,OUT049,2121.078780989913
NCZ29,OUT049,2065.2268631401257
FDU20,OUT018,1690.9317564027597
FDO56,OUT013,1896.5352443585552
FDW31,OUT049,3086.970807859976
DRH59,OUT013,1151.1869842076067
NCB30,OUT017,3121.2899821986935
FDK43,OUT027,3280.7224670485234
FDW43,OUT045,3792.578270879533
NCL19,OUT017,2161.8875817546887
FDJ27,OUT046,1665.8742218399968
FDC45,OUT046,2721.9792100269156
FDY40,OUT035,860.4511887599635
NCM41,OUT035,1533.406108568973
NCK18,OUT019,409.5016487611652
FDP37,OUT049,2121.078780989913
FDA27,OUT027,5988.89671318066
NCX30,OUT035,3859.9732157510352
FDR09,OUT017,4005.509333735488
FDG08,OUT027,4647.67183411649
NCU30,OUT013,2635.4550776273513
FDB16,OUT017,1374.5800270615396
FDM16,OUT017,1151.1869842076067
FDC48,OUT013,1356.3275678506145
NCF18,OUT046,3112.6164633087997
FDU46,OUT018,1201.3425446556166
FDH41,OUT018,3165.412948785226
NCN42,OUT010,366.44369457628756
FDU49,OUT046,1365.9065081716462
FDB20,OUT027,2245.174416137869
FDG50,OUT019,302.15357884034177
FDW20,OUT045,1960.821937817599
NCO55,OUT049,1665.8742218399968
FDX48,OUT046,2474.922615905025
FDU48,OUT046,2112.405262100019
FDR48,OUT019,375.117213466181
FDK27,OUT013,2035.0433022378409
FDT35,OUT013,2626.7815587374575
FDN12,OUT049,1665.8742218399968
NCE31,OUT019,35.577278195406365
FDL21,OUT017,732.7407722413353
FDV56,OUT017,1665.8742218399968
FDR16,OUT017,3506.7536488221826
NCP41,OUT049,1665.8742218399968
FDJ27,OUT013,1665.8742218399968
FDA07,OUT017,2035.0433022378409
FDK55,OUT049,1388.1974909895275
FDM33,OUT049,3692.7822805957835
FDY46,OUT046,3135.823421118853
FDD36,OUT046,1896.5352443585552
FDB12,OUT027,2662.5107018679887
FDF28,OUT019,383.6385779633833
NCE07,OUT019,377.95209560517975
FDW50,OUT027,4053.2095277338176
NCW18,OUT017,3820.5624895162105
NCJ17,OUT019,299.1094221260974
DRZ24,OUT010,371.00055374940877
FDS07,OUT035,1935.94597059338
NCW05,OUT010,367.7670940824657
FDZ22,OUT018,1183.0900854446916
FDK02,OUT046,1896.5352443585552
FDZ45,OUT027,5140.350473142256
FDL25,OUT046,1396.8710098794209
FDS08,OUT045,2792.115090088427
NCZ42,OUT027,5840.126338045815
FDX57,OUT035,1589.5786007909253
FDF21,OUT046,3144.4969400087466
FDJ56,OUT018,1376.9303921501776
FDX10,OUT013,708.1691183687428
DRG48,OUT035,2514.3333421398497
DRN37,OUT046,2721.9792100269156
NCY41,OUT018,534.9316359628199
FDN28,OUT045,1622.696720911997
FDE34,OUT045,2891.1010716508777
FDR10,OUT045,2592.2775766993514
FDC32,OUT017,1485.3218634442549
DRG13,OUT046,2635.4550776273513
FDP59,OUT049,1615.1358213421413
NCT53,OUT010,409.5016487611652
FDL57,OUT027,6159.57714456366
FDN32,OUT010,548.9452645019743
FDK09,OUT018,3453.61348529323
FDA52,OUT010,436.4321605807683
FDC57,OUT049,3135.823421118853
FDI09,OUT035,3862.292228616877
NCB07,OUT046,3112.6164633087997
FDP26,OUT035,1705.2849480748216
FDP40,OUT027,2963.2373644176264
FDL15,OUT013,2474.922615905025
FDV07,OUT046,1831.4608716149978
FDS03,OUT017,1076.0894512681207
FDE50,OUT049,3135.823421118853
FDQ15,OUT017,1306.370621103059
FDQ33,OUT010,852.9069828499892
FDT22,OUT013,943.0631708525694
DRO35,OUT035,1935.94597059338
FDJ41,OUT049,4038.908424697503
FDQ27,OUT035,1705.2849480748216
FDC26,OUT017,1852.1873012765352
NCF43,OUT027,3318.225824152932
NCR50,OUT035,2488.0509373070736
FDE39,OUT018,1797.8896440951637
FDN49,OUT027,1131.7562800588203
DRG11,OUT035,1705.2849480748216
NCA18,OUT049,1896.5352443585552
FDM36,OUT018,2547.4819409603524
FDW32,OUT017,1365.9065081716462
NCQ18,OUT010,371.08689134214046
FDX14,OUT027,2145.807664687143
FDD46,OUT017,2474.922615905025
FDI34,OUT019,606.2742769699261
NCJ17,OUT035,1413.9907532963643
FDB52,OUT035,3860.9547320810116
FDV55,OUT018,2222.132151948715
FDC57,OUT046,3135.823421118853
FDB29,OUT046,1896.5352443585552
NCO43,OUT035,1705.2849480748216
FDG44,OUT045,868.3620212294358
FDJ34,OUT045,2022.049362212126
FDH40,OUT049,1356.3275678506145
NCD07,OUT027,2963.2373644176264
FDB41,OUT017,812.3669436352455
FDH47,OUT018,1376.9303921501776
DRK37,OUT035,3361.1459000890945
FDM25,OUT019,502.6613104707421
NCX06,OUT045,3078.1124812706935
NCS05,OUT017,2121.078780989913
FDS39,OUT045,2118.7100808266887
FDC47,OUT027,6064.8356638724845
FDG20,OUT013,2934.2785725788776
DRL23,OUT017,1657.2007029501035
FDY33,OUT013,2623.608993246349
NCH18,OUT045,3777.3849885882105
FDX47,OUT035,2514.3333421398497
NCB06,OUT045,2580.4314923183492
FDP36,OUT049,821.0404625251389
FDW44,OUT018,2547.4819409603524
NCU41,OUT018,2814.021147199566
NCS17,OUT046,1541.4943556662072
FDD46,OUT035,2514.3333421398497
FDE45,OUT017,2934.2785725788776
FDI09,OUT017,3822.881502382052
NCJ54,OUT010,548.1858285397205
NCA29,OUT018,2547.4819409603524
NCN41,OUT027,3189.029887950151
FDY34,OUT035,2674.865803862176
NCG55,OUT035,1935.94597059338
DRM49,OUT046,732.7407722413353
NCB42,OUT049,1896.5352443585552
FDE58,OUT045,1844.6842245406622
DRJ25,OUT013,821.0404625251389
FDS47,OUT010,299.1094221260974
FDY21,OUT049,3144.4969400087466
NCI54,OUT013,1831.4608716149978
FDO24,OUT017,2623.608993246349
FDY43,OUT035,2761.3899362617403
FDF35,OUT018,1492.636739434074
NCP29,OUT019,210.00011260522513
FDN28,OUT027,2662.5107018679887
FDJ50,OUT018,672.7503018082216
FDQ14,OUT027,3748.6248488804604
FDC37,OUT035,1705.2849480748216
FDN08,OUT046,1896.5352443585552
FDD04,OUT035,2201.2983079895134
FDW34,OUT018,3512.5607046143405
FDP04,OUT017,1076.0894512681207
NCG07,OUT017,3121.2899821986935
NCN14,OUT018,2814.021147199566
FDJ16,OUT045,933.5630896313604
NCM42,OUT045,1622.696720911997
NCF19,OUT046,821.0404625251389
FDY21,OUT018,2822.6946660894596
FDY19,OUT035,1927.2724517034867
FDV09,OUT045,2431.745114977025
FDA28,OUT013,2065.2268631401257
FDC38,OUT018,1924.14881192401
FDL28,OUT045,3801.251789769427
NCH43,OUT049,3259.473488381853
NCN53,OUT045,698.6690371475338
NCW05,OUT017,1657.2007029501035
NCO30,OUT018,2790.8141893895126
FDT04,OUT019,35.577278195406365
FDB27,OUT018,2822.6946660894596
NCK07,OUT013,2721.9792100269156
NCA53,OUT013,821.0404625251389
FDB33,OUT018,2404.2476012936804
FDU37,OUT017,1315.0441399929523
FDR13,OUT035,1935.94597059338
FDE45,OUT049,2934.2785725788776
FDV37,OUT017,3144.4969400087466
FDX44,OUT019,302.15357884034177
NCL06,OUT017,3980.8199762672975
FDJ28,OUT045,3101.3194390807466
FDX55,OUT049,3506.7536488221826
NCK17,OUT018,559.5032898354124
FDH52,OUT035,1023.7827513469904
FDN13,OUT027,2662.5107018679887
FDK44,OUT018,2547.4819409603524
FDU16,OUT046,1347.6540489607212
FDZ07,OUT017,984.3720251121658
NCN06,OUT027,4053.2095277338176
FDH02,OUT010,302.15357884034177
NCW18,OUT045,3777.3849885882105
FDH57,OUT013,2121.078780989913
FDV35,OUT045,2423.071596087131
NCU29,OUT013,2474.922615905025
NCP02,OUT046,943.0631708525694
FDN44,OUT013,2623.608993246349
FDX03,OUT018,559.5032898354124
FDR11,OUT010,396.7727191406482
FDA36,OUT046,3144.4969400087466
FDP58,OUT027,5502.445752752667
FDH31,OUT045,1525.4755564109746
FDH34,OUT035,3183.9076662435714
FDS13,OUT035,4053.5935788602064
FDT01,OUT018,3165.412948785226
FDY09,OUT049,2835.292591016427
FDV33,OUT027,5988.89671318066
NCW29,OUT010,383.6385779633833
NCN17,OUT045,1622.696720911997
FDX01,OUT046,1896.5352443585552
FDL03,OUT049,3135.823421118853
DRL59,OUT049,943.0631708525694
DRM11,OUT027,5988.89671318066
FDA43,OUT049,3144.4969400087466
FDZ56,OUT010,424.87401158459426
FDI44,OUT018,1141.8066575870293
FDB50,OUT013,1315.0441399929523
FDU15,OUT019,35.577278195406365
NCJ19,OUT019,131.78137225697782
FDD48,OUT013,1896.5352443585552
NCW42,OUT035,3698.830130472524
FDL24,OUT017,3175.2393311103824
NCB30,OUT013,3121.2899821986935
FDK25,OUT013,2721.9792100269156
FDW28,OUT049,3135.823421118853
FDD47,OUT017,2835.292591016427
FDK16,OUT019,302.15357884034177
FDW37,OUT046,1485.3218634442549
FDA48,OUT035,3732.1930068306083
FDA14,OUT017,2474.922615905025
FDV15,OUT013,1665.8742218399968
FDN22,OUT049,4005.509333735488
NCD55,OUT045,723.2406910201263
FDY43,OUT013,2721.9792100269156
NCU05,OUT017,1315.0441399929523
FDF10,OUT035,2514.3333421398497
FDR39,OUT018,2814.021147199566
FDG40,OUT013,708.1691183687428
FDZ28,OUT019,383.6385779633833
FDE02,OUT045,1525.4755564109746
FDU60,OUT049,2713.3056911370218
FDM21,OUT013,4071.7378649828133
FDV52,OUT019,371.2971758391139
NCW06,OUT013,3121.2899821986935
FDX36,OUT035,3732.1930068306083
FDT35,OUT027,4308.008827088744
NCL19,OUT010,377.95209560517975
NCD31,OUT046,2635.4550776273513
FDE53,OUT019,376.44061297235913
FDW58,OUT019,363.58613939430177
DRF48,OUT046,3144.4969400087466
FDW57,OUT035,2874.703317251252
DRH13,OUT017,1665.8742218399968
FDT33,OUT013,2721.9792100269156
DRK47,OUT027,5863.993139227031
FDY22,OUT010,349.07282671694065
FDC35,OUT019,607.2941189350377
FDO03,OUT013,4119.283031039444
FDF24,OUT045,1346.8274866294055
FDF56,OUT018,2646.467922522803
FDD28,OUT013,943.0631708525694
FDG53,OUT027,3318.225824152932
FDO27,OUT019,358.326071062294
NCF54,OUT018,2547.4819409603524
FDC20,OUT027,1659.414559947374
FDU10,OUT046,732.7407722413353
DRA24,OUT018,2385.3698560589846
FDA02,OUT010,323.1640134593361
FDG10,OUT017,943.0631708525694
FDW39,OUT010,436.4321605807683
FDP04,OUT019,210.00011260522513
NCM55,OUT013,3144.4969400087466
FDG47,OUT045,3995.730923769503
NCU41,OUT017,3135.823421118853
NCK31,OUT017,845.9877842141441
FDZ46,OUT045,1622.696720911997
FDU13,OUT027,3748.6248488804604
NCF19,OUT045,811.5403813039298
NCJ43,OUT013,2835.292591016427
NCJ05,OUT045,2423.071596087131
FDS04,OUT027,3261.6849483079072
FDX28,OUT010,363.58613939430177
FDB41,OUT027,1220.0559703426243
FDG53,OUT046,2161.8875817546887
FDL15,OUT010,375.117213466181
FDQ08,OUT049,984.3720251121658
DRN36,OUT013,1550.1678745561005
FDI46,OUT013,3548.281954678565
FDG16,OUT027,5502.445752752667
FDV32,OUT013,1031.3791854589451
FDF44,OUT010,474.47428311268754
FDK04,OUT018,769.825688446647
NCA41,OUT013,3144.4969400087466
FDD51,OUT017,732.7407722413353
NCZ53,OUT045,3101.3194390807466
FDP01,OUT027,3748.6248488804604
FDY25,OUT049,3853.859413979098
FDB17,OUT018,2646.467922522803
NCV54,OUT018,1708.523556899078
FDJ32,OUT017,1076.0894512681207
FDA37,OUT049,2035.0433022378409
FDG35,OUT035,2823.964916753396
NCM05,OUT018,3691.587362789797
FDG45,OUT046,3959.491105505137
FDH28,OUT013,732.7407722413353
NCE18,OUT049,3980.8199762672975
FDH38,OUT045,1853.3577434305555
FDR56,OUT013,3144.4969400087466
FDH17,OUT027,2560.0226190027292
FDD39,OUT049,3506.7536488221826
FDB41,OUT049,812.3669436352455
NCR53,OUT046,3692.7822805957835
FDX46,OUT017,943.0631708525694
FDV28,OUT049,708.1691183687428
FDA08,OUT018,2394.0433749488784
FDH45,OUT017,732.7407722413353
NCS38,OUT010,371.2971758391139
FDD40,OUT010,540.271745612081
DRM59,OUT035,2514.3333421398497
NCJ43,OUT018,2547.4819409603524
NCN29,OUT013,821.0404625251389
NCC19,OUT045,3078.1124812706935
FDR56,OUT035,3183.9076662435714
FDZ43,OUT049,3878.650937946416
FDJ32,OUT010,220.0973868633526
DRH03,OUT017,1493.9953823341482
NCZ54,OUT035,2793.580527985275
FDE26,OUT017,2474.922615905025
FDS03,OUT045,1066.5893700469117
DRZ24,OUT019,371.00055374940877
FDO48,OUT027,5502.445752752667
FDW39,OUT049,2835.292591016427
NCK05,OUT049,1022.7056665690517
NCK30,OUT017,3980.8199762672975
FDT27,OUT018,3512.5607046143405
FDS08,OUT019,436.4321605807683
NCJ19,OUT049,934.3896519626761
FDC58,OUT045,723.2406910201263
DRE37,OUT013,3144.4969400087466
FDW02,OUT035,2104.6375893749505
FDJ02,OUT010,375.117213466181
FDX09,OUT045,2792.115090088427
FDT31,OUT010,540.271745612081
FDI24,OUT049,2934.2785725788776
FDY09,OUT045,2792.115090088427
FDV28,OUT045,698.6690371475338
DRM47,OUT049,3144.4969400087466
FDT52,OUT019,606.2742769699261
FDI48,OUT018,704.6246200447223
FDY55,OUT017,5413.9541344804
FDU48,OUT013,2112.405262100019
FDN25,OUT045,933.5630896313604
FDP20,OUT049,2056.553344250232
FDJ15,OUT013,3144.4969400087466
FDD04,OUT018,1924.14881192401
FDY58,OUT045,3801.251789769427
FDR37,OUT018,2822.6946660894596
FDF44,OUT013,2229.6721394584424
FDD32,OUT045,1346.8274866294055
FDR57,OUT017,2474.922615905025
DRG39,OUT027,1659.414559947374
FDX15,OUT017,2623.608993246349
DRN37,OUT045,2592.2775766993514
FDW40,OUT027,3318.225824152932
FDB32,OUT049,1541.4943556662072
FDM40,OUT018,1969.4557123872833
FDE39,OUT027,3189.029887950151
DRH49,OUT017,1347.6540489607212
FDT46,OUT049,821.0404625251389
NCF06,OUT035,4020.2307025021223
FDP07,OUT017,3144.4969400087466
FDC04,OUT013,3920.15389712162
FDZ32,OUT017,1665.8742218399968
FDD50,OUT045,2670.128190209022
FDU56,OUT017,3144.4969400087466
FDV34,OUT017,1130.5471318963494
NCY41,OUT013,708.1691183687428
NCK18,OUT046,2635.4550776273513
DRH25,OUT049,869.1885835607515
FDT57,OUT046,3878.650937946416
FDV56,OUT018,1492.636739434074
FDV12,OUT045,1525.4755564109746
FDN52,OUT017,1374.5800270615396
FDX38,OUT035,860.4511887599635
FDE47,OUT018,1838.1133331719384
NCO07,OUT013,3506.7536488221826
FDV09,OUT027,3748.6248488804604
FDZ23,OUT019,548.9452645019743
DRH51,OUT018,1201.3425446556166
NCY54,OUT045,2792.115090088427
DRG49,OUT013,3920.15389712162
NCC19,OUT049,3121.2899821986935
NCV53,OUT045,4556.204716194379
FDZ47,OUT019,363.58613939430177
NCO26,OUT018,1699.605275292653
NCP02,OUT045,974.8719438909568
NCW30,OUT018,3628.2761141388683
NCN55,OUT046,3878.650937946416
FDB20,OUT010,258.8324176870925
DRL11,OUT013,2514.960278023457
DRD60,OUT045,3101.3194390807466
FDW14,OUT010,299.1094221260974
FDL27,OUT010,210.00011260522513
FDU09,OUT018,859.9623771380575
DRH36,OUT027,2018.8332857720357
FDP34,OUT027,3748.6248488804604
FDE04,OUT017,2925.605053688984
FDZ57,OUT027,3261.6849483079072
FDF02,OUT010,363.58613939430177
FDG28,OUT045,3835.473437018416
NCI31,OUT046,699.4955994788495
FDT43,OUT013,845.9877842141441
FDU20,OUT046,2026.3697833479475
FDD53,OUT013,732.7407722413353
FDW15,OUT045,2431.745114977025
NCT53,OUT045,2592.2775766993514
NCG55,OUT027,2974.383047106263
FDD48,OUT035,1935.94597059338
FDG47,OUT049,4038.908424697503
FDI21,OUT017,1076.0894512681207
FDT27,OUT017,3844.429290697427
DRO35,OUT013,1896.5352443585552
FDD33,OUT017,3844.429290697427
FDC04,OUT035,3918.0616641812408
FDY34,OUT013,2635.4550776273513
DRJ49,OUT049,2065.2268631401257
FDE05,OUT049,2474.922615905025
FDU31,OUT017,3506.7536488221826
NCN19,OUT027,5140.350473142256
FDK56,OUT027,5140.350473142256
FDK58,OUT017,1665.8742218399968
NCJ42,OUT035,1696.6114291849283
FDZ34,OUT027,5276.695929575496
FDA52,OUT018,2547.4819409603524
NCR29,OUT013,943.0631708525694
FDT48,OUT035,3546.1643750570074
DRJ51,OUT019,606.2742769699261
NCS54,OUT046,2934.2785725788776
FDV01,OUT035,2505.659823249956
DRG51,OUT027,4053.2095277338176
NCG42,OUT013,2112.405262100019
FDA51,OUT049,1896.5352443585552
FDV19,OUT010,396.7727191406482
NCT18,OUT045,3078.1124812706935
NCS41,OUT045,2383.315358296785
FDO03,OUT046,4077.7800718642407
FDL12,OUT010,173.09022651657375
FDY37,OUT010,283.9340452931097
FDI58,OUT049,1493.9953823341482
FDT28,OUT018,2222.132151948715
NCC42,OUT010,365.8809246441584
FDO01,OUT017,2070.340380492057
FDJ02,OUT013,2474.922615905025
FDQ04,OUT018,559.5032898354124
DRL47,OUT013,2056.553344250232
FDZ32,OUT035,1705.2849480748216
FDC35,OUT035,3546.1643750570074
FDX14,OUT045,1141.6869029863976
FDZ35,OUT013,1665.8742218399968
FDL14,OUT013,2474.922615905025
FDO04,OUT049,943.0631708525694
DRK11,OUT017,2474.922615905025
FDB44,OUT018,3165.412948785226
FDZ50,OUT049,3144.4969400087466
FDI12,OUT027,2462.8982465480017
FDU43,OUT017,3651.514734903471
FDD58,OUT010,358.326071062294
FDB27,OUT017,3144.4969400087466
FDB04,OUT018,1201.3425446556166
NCO17,OUT013,1896.5352443585552
FDL12,OUT017,943.0631708525694
DRJ13,OUT049,2623.608993246349
FDD57,OUT045,1525.4755564109746
FDW19,OUT035,1870.8715978498226
DRD27,OUT018,1483.9632205441806
FDH27,OUT027,3748.6248488804604
NCW30,OUT027,5930.808264750454
FDR40,OUT018,1141.8066575870293
FDG05,OUT013,2514.960278023457
NCY41,OUT019,35.577278195406365
FDI38,OUT018,3165.412948785226
FDR20,OUT046,724.067253351442
FDE09,OUT017,1665.8742218399968
FDN50,OUT019,358.326071062294
DRF27,OUT045,2431.745114977025
DRF51,OUT013,708.1691183687428
NCO02,OUT019,173.70216104121616
FDB51,OUT027,1735.997513320825
FDJ50,OUT013,877.8621024506448
FDN52,OUT013,1374.5800270615396
FDX14,OUT013,1315.0441399929523
FDT27,OUT019,606.2742769699261
FDV10,OUT013,732.7407722413353
FDU33,OUT046,732.7407722413353
FDU58,OUT046,3144.4969400087466
NCP42,OUT027,5117.143515332204
FDL51,OUT027,5502.445752752667
DRH15,OUT027,1220.0559703426243
FDU16,OUT017,1365.9065081716462
FDW15,OUT017,2474.922615905025
FDQ44,OUT045,1983.1922824199478
NCI06,OUT027,4760.955213105862
DRK23,OUT019,935.9375438654502
FDC28,OUT035,1705.2849480748216
NCY17,OUT019,60.14893206799871
NCV05,OUT018,2222.132151948715
FDM34,OUT019,365.8809246441584
DRD60,OUT027,5140.350473142256
FDT38,OUT046,1365.9065081716462
FDQ57,OUT018,2222.132151948715
FDE59,OUT027,1107.1846261862277
NCM43,OUT046,2635.4550776273513
DRI51,OUT049,2835.292591016427
NCG30,OUT017,2026.3697833479475
NCK54,OUT035,1935.94597059338
FDQ16,OUT019,376.44061297235913
FDI36,OUT013,3144.4969400087466
FDX16,OUT027,3748.6248488804604
FDA34,OUT046,2835.292591016427
FDJ48,OUT018,3512.5607046143405
FDU47,OUT035,2160.4895072247377
FDS39,OUT046,2161.8875817546887
FDD11,OUT046,3807.031068552047
FDM16,OUT027,2018.8332857720357
FDU56,OUT018,2822.6946660894596
FDQ32,OUT017,2035.0433022378409
DRK35,OUT013,732.7407722413353
FDA58,OUT049,3335.5417234401407
DRG48,OUT019,283.9340452931097
FDT59,OUT010,630.9998490420477
FDQ31,OUT019,302.15357884034177
FDS51,OUT018,902.8519688621972
FDW32,OUT027,2367.7236696073232
FDI15,OUT027,5964.171141108538
NCV30,OUT017,1022.7056665690517
DRG25,OUT049,3859.3634857231705
FDT02,OUT013,708.1691183687428
FDO33,OUT027,2974.383047106263
FDP38,OUT035,860.4511887599635
FDZ45,OUT035,3183.9076662435714
NCA54,OUT027,4760.955213105862
FDU33,OUT017,821.0404625251389
FDN58,OUT017,3830.7448092308014
FDI05,OUT045,1141.6869029863976
FDM57,OUT019,312.7744357542061
NCS42,OUT027,2462.8982465480017
FDB57,OUT045,3665.656832850011
FDC03,OUT045,3101.3194390807466
FDZ58,OUT013,1994.819613161066
NCK29,OUT045,1991.8658013098411
NCR53,OUT045,3649.6047796677835
FDE26,OUT027,3748.6248488804604
FDU52,OUT049,2474.922615905025
FDE41,OUT027,2349.471210396398
FDU38,OUT018,2822.6946660894596
FDA52,OUT017,2835.292591016427
FDW46,OUT046,1076.0894512681207
DRI59,OUT035,3756.9185789027297
FDT38,OUT035,1405.317234406471
FDL33,OUT018,2822.6946660894596
FDQ01,OUT027,5964.171141108538
FDJ08,OUT046,3144.4969400087466
FDQ47,OUT049,708.1691183687428
NCZ18,OUT013,4129.759867853942
FDE29,OUT017,984.3720251121658
FDF10,OUT027,3748.6248488804604
FDC48,OUT049,1356.3275678506145
FDY58,OUT013,3885.932249872631
NCX30,OUT010,572.9114006118422
FDV11,OUT013,2835.292591016427
FDT46,OUT046,821.0404625251389
DRD01,OUT019,131.78137225697782
FDQ11,OUT013,4080.411383872707
NCM41,OUT017,1493.9953823341482
NCC55,OUT013,708.1691183687428
FDG45,OUT027,5598.257747713606
NCQ54,OUT049,2721.9792100269156
FDM34,OUT045,2069.227761172019
FDD17,OUT019,630.9998490420477
FDN38,OUT027,5964.171141108538
FDB53,OUT018,2222.132151948715
NCL06,OUT035,4020.2307025021223
NCV18,OUT019,682.8940112039074
FDX25,OUT013,3144.4969400087466
FDB39,OUT046,943.0631708525694
FDC33,OUT049,3144.4969400087466
NCO14,OUT018,559.5032898354124
FDA58,OUT027,5342.916710411355
NCQ02,OUT017,3121.2899821986935
NCR53,OUT017,3819.7037186253056
FDN52,OUT046,1374.5800270615396
FDG26,OUT046,4030.2349058076093
FDE23,OUT027,1343.167451743894
DRI37,OUT013,943.0631708525694
DRH37,OUT018,2394.0433749488784
FDO01,OUT035,2053.8991888770947
FDK45,OUT049,1896.5352443585552
FDP23,OUT049,3506.7536488221826
FDM33,OUT035,3546.1643750570074
FDD36,OUT017,1994.819613161066
FDL56,OUT017,1374.5800270615396
FDT27,OUT010,606.2742769699261
FDG52,OUT017,732.7407722413353
NCL42,OUT035,4676.856445564664
DRJ24,OUT046,3144.4969400087466
FDV38,OUT046,869.1885835607515
FDT35,OUT045,2670.128190209022
FDY51,OUT045,3463.5761478941827
FDC37,OUT017,1665.8742218399968
NCP43,OUT013,2934.2785725788776
FDO33,OUT045,1788.283370686998
FDW04,OUT018,1924.14881192401
NCC31,OUT046,2474.922615905025
FDK22,OUT049,3506.7536488221826
FDJ50,OUT017,943.0631708525694
FDV13,OUT017,1396.8710098794209
DRL60,OUT017,2474.922615905025
FDW03,OUT017,1665.8742218399968
FDY27,OUT035,2973.6892988137024
FDB39,OUT027,1659.414559947374
FDU59,OUT045,2592.2775766993514
FDZ57,OUT049,2121.078780989913
FDO21,OUT049,3338.377754232668
FDS43,OUT018,2822.6946660894596
FDU28,OUT010,540.271745612081
FDC51,OUT010,371.9845362323313
FDW16,OUT010,302.15357884034177
FDP32,OUT010,383.6385779633833
FDB60,OUT019,548.9452645019743
NCQ30,OUT046,1994.819613161066
FDD26,OUT049,3144.4969400087466
FDI44,OUT045,1305.5440587717433
DRH23,OUT046,943.0631708525694
FDO44,OUT046,1831.4608716149978
FDG04,OUT046,3144.4969400087466
FDM32,OUT027,2462.8982465480017
FDM09,OUT013,2721.9792100269156
FDZ47,OUT013,1595.8146696683775
FDM40,OUT027,3318.225824152932
FDY48,OUT017,1665.8742218399968
NCM30,OUT045,714.567172130233
FDX36,OUT010,596.0219902554734
DRF03,OUT017,724.067253351442
FDN51,OUT049,4038.908424697503
FDM57,OUT049,1356.3275678506145
FDB35,OUT049,1493.9953823341482
FDY13,OUT027,2245.174416137869
FDA37,OUT017,2065.2268631401257
NCX53,OUT017,2153.214062864795
FDD59,OUT018,1141.8066575870293
FDX10,OUT019,35.577278195406365
FDC03,OUT018,2822.6946660894596
FDW43,OUT035,3748.245060012836
FDW10,OUT046,2784.5541905185714
FDY14,OUT027,5988.89671318066
FDV43,OUT045,811.5403813039298
FDO40,OUT013,2474.922615905025
FDP46,OUT027,2462.8982465480017
NCE43,OUT019,424.87401158459426
FDD05,OUT035,2025.5568205059974
FDJ60,OUT010,400.82812987127176
DRE27,OUT018,1376.9303921501776
FDO11,OUT035,4078.319150932328
DRG11,OUT027,2662.5107018679887
FDK33,OUT010,607.2941189350377
DRM23,OUT045,2678.8017090989156
FDJ02,OUT027,3748.6248488804604
NCZ05,OUT045,1622.696720911997
NCL30,OUT013,2065.2268631401257
FDZ19,OUT018,2547.4819409603524
FDM45,OUT049,2035.0433022378409
FDO36,OUT046,2925.605053688984
NCK31,OUT045,811.5403813039298
DRJ37,OUT045,2431.745114977025
FDP24,OUT018,1789.2161252052704
FDF46,OUT013,1896.5352443585552
FDX46,OUT019,131.78137225697782
NCL18,OUT045,3069.4389623807997
FDJ26,OUT013,3506.7536488221826
FDJ07,OUT045,1853.3577434305555
FDY15,OUT013,2466.249097015131
DRG01,OUT045,1141.6869029863976
FDF58,OUT045,1066.5893700469117
FDZ14,OUT019,371.9845362323313
FDP31,OUT049,1025.3510507702651
FDH45,OUT013,732.7407722413353
FDA09,OUT010,436.4321605807683
FDW31,OUT035,3126.381534094801
FDA57,OUT046,724.067253351442
NCE55,OUT035,2874.703317251252
FDC17,OUT019,607.2941189350377
FDC59,OUT013,1076.0894512681207
FDA22,OUT013,2721.9792100269156
FDK52,OUT035,3723.5194879407145
NCM26,OUT046,2466.249097015131
NCT53,OUT035,2761.3899362617403
FDW45,OUT018,2222.132151948715
NCI18,OUT035,3266.9943654721715
FDE38,OUT018,2394.0433749488784
FDF08,OUT019,302.15357884034177
FDY58,OUT010,630.9998490420477
FDF58,OUT019,210.00011260522513
FDX39,OUT017,3506.7536488221826
FDB44,OUT049,3506.7536488221826
FDF28,OUT013,2065.2268631401257
FDE39,OUT013,1896.5352443585552
FDT37,OUT018,3686.3645625690738
FDZ45,OUT017,3219.5959454580047
FDO40,OUT035,2514.3333421398497
FDM57,OUT027,2367.7236696073232
DRG36,OUT017,2835.292591016427
FDY36,OUT010,173.70216104121616
DRL60,OUT027,3748.6248488804604
FDS25,OUT019,376.44061297235913
DRF49,OUT027,2963.2373644176264
FDP16,OUT045,3826.799918128522
FDS60,OUT049,2741.590824440391
FDU15,OUT027,1131.7562800588203
FDK43,OUT046,2065.2268631401257
FDN25,OUT046,943.0631708525694
FDE53,OUT049,1665.8742218399968
FDB22,OUT013,2474.922615905025
FDE39,OUT017,1994.819613161066
FDX35,OUT035,3859.1144448601303
NCG54,OUT049,2721.9792100269156
FDH27,OUT035,2514.3333421398497
NCK42,OUT013,3448.665200391977
FDS25,OUT049,1665.8742218399968
FDI10,OUT018,2547.4819409603524
FDU35,OUT035,1705.2849480748216
FDI04,OUT017,3219.5959454580047
DRK23,OUT035,4259.990701498644
FDB53,OUT019,375.117213466181
FDY02,OUT049,4014.1828526253817
FDM60,OUT035,772.15149847616
NCJ31,OUT010,597.6007580800327
DRP35,OUT017,2056.553344250232
NCQ30,OUT018,1838.1133331719384
DRL11,OUT010,396.7727191406482
FDU01,OUT013,3135.823421118853
FDR39,OUT035,2965.0157799238086
FDO08,OUT046,2635.4550776273513
FDC02,OUT045,4284.245755179251
NCZ29,OUT035,2104.6375893749505
FDF29,OUT010,341.5566065496882
FDZ23,OUT017,3144.4969400087466
NCU53,OUT018,2394.0433749488784
NCW30,OUT013,4022.3229354425016
NCM26,OUT027,3748.6248488804604
FDV50,OUT027,3189.029887950151
FDW15,OUT049,2474.922615905025
FDI35,OUT027,5140.350473142256
FDO11,OUT017,4038.908424697503
FDN48,OUT046,1493.9953823341482
NCA17,OUT049,2466.249097015131
NCN54,OUT013,1306.370621103059
FDP22,OUT013,821.0404625251389
NCB54,OUT035,2104.6375893749505
FDD08,OUT045,698.6690371475338
DRM48,OUT010,35.577278195406365
FDG41,OUT027,2963.2373644176264
FDE44,OUT027,1343.167451743894
FDE26,OUT035,2514.3333421398497
NCS38,OUT013,1896.5352443585552
NCJ54,OUT018,3420.250608935146
FDI40,OUT019,371.08689134214046
FDN45,OUT018,3342.768061668933
FDU43,OUT046,3651.514734903471
FDI04,OUT010,548.9452645019743
NCC07,OUT018,1483.9632205441806
NCC07,OUT019,363.58613939430177
NCD18,OUT045,3743.1633413392215
FDU55,OUT035,4435.102938084812
FDX59,OUT035,747.5798446035675
FDR52,OUT049,3144.4969400087466
NCP17,OUT013,1067.4159323782274
FDQ32,OUT045,1991.8658013098411
NCT17,OUT049,3144.4969400087466
FDO10,OUT049,943.0631708525694
FDE32,OUT049,677.1252548765009
FDN44,OUT045,2580.4314923183492
FDH02,OUT035,1436.2817361142456
FDK60,OUT013,1626.8585331606196
FDS24,OUT019,299.1094221260974
FDL03,OUT010,566.4857146619825
FDB46,OUT027,5502.445752752667
FDO48,OUT049,3717.507852667905
FDZ39,OUT049,1657.2007029501035
FDT02,OUT027,1107.1846261862277
FDC50,OUT013,1550.1678745561005
FDP39,OUT035,885.3985104489688
DRG15,OUT018,811.1345427062425
FDP10,OUT018,1483.9632205441806
FDF53,OUT027,5140.350473142256
FDN34,OUT045,2678.8017090989156
FDK02,OUT045,1991.8658013098411
FDC23,OUT045,2792.115090088427
FDJ10,OUT019,365.8809246441584
FDE53,OUT035,1705.2849480748216
FDR25,OUT035,4053.5935788602064
FDW50,OUT046,2635.4550776273513
FDS09,OUT049,845.9877842141441
FDW49,OUT010,427.75864169087487
FDU51,OUT046,2894.2300947006875
FDF28,OUT018,1868.296894074223
NCY30,OUT018,2637.794403632909
FDD44,OUT045,4461.118232326647
FDX09,OUT017,2835.292591016427
NCF30,OUT013,2065.2268631401257
FDZ50,OUT019,548.9452645019743
FDW37,OUT013,1388.1974909895275
FDD11,OUT049,3807.031068552047
DRH39,OUT018,946.9056383094415
FDA36,OUT049,3144.4969400087466
NCG43,OUT049,1485.3218634442549
FDF02,OUT035,1705.2849480748216
FDP57,OUT027,2662.5107018679887
NCE42,OUT017,3487.4247455515806
NCR38,OUT027,5906.082692678332
FDP03,OUT019,371.9845362323313
FDO51,OUT035,772.15149847616
NCQ42,OUT046,2056.553344250232
NCM41,OUT046,1396.8710098794209
FDH48,OUT027,2367.7236696073232
DRF60,OUT046,3878.650937946416
FDJ27,OUT035,1705.2849480748216
FDQ14,OUT013,2474.922615905025
FDN27,OUT017,1845.7968438606997
NCQ02,OUT046,3121.2899821986935
FDJ33,OUT049,2035.0433022378409
FDP07,OUT027,5140.350473142256
DRE01,OUT049,3853.9253658742946
FDU36,OUT045,1553.05010887073
FDL28,OUT017,3844.429290697427
NCX53,OUT046,2153.214062864795
FDZ39,OUT013,1657.2007029501035
NCP42,OUT013,3121.2899821986935
FDJ14,OUT035,1395.7382940854393
FDK04,OUT049,943.0631708525694
NCC19,OUT017,3121.2899821986935
FDS09,OUT018,672.7503018082216
FDZ02,OUT046,1626.8585331606196
FDD35,OUT018,1838.1133331719384
NCY42,OUT017,2474.922615905025
FDB05,OUT045,3810.7478649462946
FDF20,OUT035,3183.9076662435714
NCO41,OUT018,1376.9303921501776
FDC40,OUT027,2245.174416137869
FDV58,OUT045,2802.403342365106
FDZ57,OUT045,2077.901280061913
DRM35,OUT046,2934.2785725788776
DRN36,OUT018,1376.9303921501776
FDQ13,OUT046,1356.3275678506145
DRO35,OUT010,371.2971758391139
NCD43,OUT035,1705.2849480748216
FDA51,OUT018,1699.605275292653
NCX17,OUT027,5839.267567154909
NCZ17,OUT049,732.7407722413353
FDR11,OUT027,4020.702350610644
FDW34,OUT049,3878.650937946416
FDN50,OUT017,1493.9953823341482
FDS09,OUT046,821.0404625251389
FDS48,OUT018,2222.132151948715
FDL44,OUT049,2626.7815587374575
DRF48,OUT018,2822.6946660894596
FDA14,OUT018,2222.132151948715
NCD30,OUT049,1541.4943556662072
FDI16,OUT017,845.9877842141441
NCG06,OUT035,4020.2307025021223
DRZ24,OUT035,2034.2303393958907
NCS17,OUT045,1516.8020375210813
FDB37,OUT045,3826.799918128522
FDE10,OUT035,2160.4895072247377
FDC57,OUT045,3092.645920190853
FDM12,OUT018,2822.6946660894596
FDE24,OUT049,2121.078780989913
FDW22,OUT045,3463.5761478941827
DRD01,OUT027,1431.7767132954882
NCZ18,OUT027,6038.245197161894
FDN49,OUT045,723.2406910201263
FDR22,OUT035,1927.2724517034867
FDV08,OUT019,60.14893206799871
FDY39,OUT046,3144.4969400087466
FDV36,OUT049,2056.553344250232
FDO60,OUT045,802.8668624140365
FDU04,OUT027,3189.029887950151
FDR20,OUT027,1343.167451743894
FDW19,OUT019,376.44061297235913
FDU40,OUT049,2845.5808432931058
FDK15,OUT045,1525.4755564109746
DRF15,OUT035,2505.659823249956
FDQ25,OUT017,2835.292591016427
FDI48,OUT019,139.95947631896212
FDS49,OUT046,1315.0441399929523
FDV22,OUT046,2623.608993246349
NCV42,OUT046,1665.8742218399968
FDX26,OUT046,3144.4969400087466
FDI33,OUT018,1307.6701098279004
FDZ14,OUT049,2035.0433022378409
FDG10,OUT013,943.0631708525694
FDM38,OUT018,647.8029801192164
FDG26,OUT027,5988.89671318066
FDH46,OUT035,1705.2849480748216
FDN13,OUT018,1395.8314257200395
FDU57,OUT035,2514.3333421398497
NCI06,OUT046,2934.2785725788776
FDM38,OUT045,868.3620212294358
NCG42,OUT010,374.96505907348984
FDL39,OUT045,2710.332067194508
FDT31,OUT019,548.9452645019743
FDV59,OUT013,3506.7536488221826
FDB49,OUT035,1705.2849480748216
FDD58,OUT049,1665.8742218399968
DRN59,OUT046,821.0404625251389
FDX48,OUT049,2474.922615905025
FDQ11,OUT049,4038.908424697503
FDY12,OUT049,877.8621024506448
FDQ11,OUT045,3995.730923769503
DRI11,OUT017,1896.5352443585552
FDY32,OUT027,4053.2095277338176
FDS51,OUT045,974.8719438909568
FDR19,OUT010,283.9340452931097
DRB13,OUT018,2822.6946660894596
FDS21,OUT035,1062.1163928038766
FDQ40,OUT045,2792.115090088427
NCE55,OUT013,2835.292591016427
FDX43,OUT027,4053.2095277338176
FDS12,OUT049,2065.2268631401257
DRK01,OUT027,2560.0226190027292
FDN25,OUT017,943.0631708525694
FDB60,OUT046,3144.4969400087466
FDQ13,OUT017,1356.3275678506145
DRK13,OUT045,3101.3194390807466
DRF25,OUT018,534.9316359628199
NCD42,OUT019,60.14893206799871
FDW25,OUT045,1365.0799458403305
NCV29,OUT027,4760.955213105862
NCK42,OUT035,3488.075926626802
DRJ13,OUT027,4020.702350610644
DRD15,OUT017,3844.429290697427
FDM27,OUT045,2431.745114977025
FDZ50,OUT018,2822.6946660894596
FDC04,OUT046,3878.650937946416
FDF50,OUT049,3144.4969400087466
FDP15,OUT045,4344.4088842443525
FDK46,OUT035,4078.319150932328
FDZ56,OUT018,2480.5675073484426
FDY60,OUT049,2222.2461763435945
FDB10,OUT035,3918.0616641812408
FDR57,OUT045,2431.745114977025
FDU58,OUT049,3144.4969400087466
FDH02,OUT046,1396.8710098794209
FDP48,OUT013,3263.2067469547983
FDI46,OUT035,3801.0967139532754
FDW56,OUT013,4007.4851892468
NCM19,OUT010,376.44061297235913
FDS50,OUT027,5700.918862348564
FDK24,OUT013,732.7407722413353
FDO36,OUT017,2925.605053688984
FDK45,OUT027,2974.383047106263
NCL05,OUT045,714.567172130233
FDL32,OUT018,1699.605275292653
FDA28,OUT049,2065.2268631401257
FDY36,OUT018,977.9495018016835
FDP32,OUT018,1868.296894074223
FDL50,OUT046,2035.0433022378409
DRC24,OUT049,2474.922615905025
NCS18,OUT017,1665.8742218399968
FDD16,OUT017,1142.5134653177133
NCV18,OUT013,1690.6266340805773
FDX07,OUT046,3135.823421118853
NCZ05,OUT027,2662.5107018679887
NCI31,OUT013,699.4955994788495
FDK14,OUT049,1356.3275678506145
NCR06,OUT045,723.2406910201263
NCF54,OUT049,2835.292591016427
DRG23,OUT010,375.117213466181
FDD53,OUT046,732.7407722413353
NCM31,OUT027,3261.6849483079072
FDT16,OUT017,4038.908424697503
FDR40,OUT035,1354.454866227777
DRG25,OUT017,3859.3634857231705
FDT10,OUT035,1023.7827513469904
FDY32,OUT013,2635.4550776273513
FDN50,OUT035,1533.406108568973
FDZ35,OUT019,363.58613939430177
NCP54,OUT045,1991.8658013098411
NCD07,OUT035,1870.8715978498226
FDS02,OUT018,2822.6946660894596
DRN59,OUT018,647.8029801192164
DRB24,OUT013,2474.922615905025
FDP37,OUT027,3280.7224670485234
DRB01,OUT018,2324.5788516649686
FDR47,OUT046,3144.4969400087466
NCM31,OUT010,377.95209560517975
NCF06,OUT027,5930.808264750454
NCV17,OUT027,3261.6849483079072
FDS10,OUT049,2925.605053688984
FDN52,OUT035,1413.9907532963643
FDZ48,OUT013,1896.5352443585552
FDJ48,OUT049,4038.908424697503
DRB13,OUT027,5140.350473142256
FDV59,OUT017,3506.7536488221826
FDL32,OUT035,1870.8715978498226
FDZ12,OUT035,2201.2983079895134
NCR06,OUT027,1131.7562800588203
FDP51,OUT017,1994.819613161066
FDY22,OUT013,2161.8875817546887
FDZ38,OUT049,2966.5207644749808
NCO54,OUT035,973.8003781975008
FDR23,OUT035,2874.703317251252
FDM38,OUT049,943.0631708525694
FDS25,OUT013,1852.1873012765352
FDZ22,OUT013,1356.3275678506145
FDZ20,OUT019,748.4352594198567
FDD45,OUT010,358.326071062294
FDN03,OUT049,4038.908424697503
NCW30,OUT046,3980.8199762672975
FDY24,OUT027,1659.414559947374
FDJ26,OUT019,607.2941189350377
FDM15,OUT049,2474.922615905025
NCW54,OUT027,1659.414559947374
FDA23,OUT045,1622.696720911997
FDA39,OUT019,60.14893206799871
FDZ12,OUT017,2474.922615905025
NCB42,OUT046,1896.5352443585552
FDL16,OUT046,821.0404625251389
FDO24,OUT019,396.7727191406482
NCP42,OUT046,3121.2899821986935
FDR19,OUT018,2222.132151948715
DRL01,OUT045,4073.4561504782746
FDV37,OUT046,3219.5959454580047
FDI41,OUT010,366.44369457628756
FDF58,OUT049,1031.3791854589451
NCF43,OUT018,1909.0971177983772
FDN02,OUT049,3506.7536488221826
NCP41,OUT035,1705.2849480748216
NCY17,OUT027,1220.0559703426243
FDL58,OUT027,5988.89671318066
NCA30,OUT027,5117.143515332204
FDE46,OUT018,2213.4586330588213
FDY38,OUT035,3859.1144448601303
NCH29,OUT027,2560.0226190027292
FDO20,OUT045,4027.680488219064
FDP44,OUT018,1492.636739434074
FDM02,OUT027,2462.8982465480017
FDJ14,OUT027,2245.174416137869
FDH04,OUT010,302.15357884034177
DRK23,OUT046,4220.5799752638195
NCW05,OUT046,1657.2007029501035
FDF12,OUT049,2474.922615905025
FDL51,OUT019,607.2941189350377
FDN03,OUT018,3686.3645625690738
DRJ37,OUT049,2474.922615905025
FDM12,OUT019,548.9452645019743
FDA16,OUT045,3674.330351739905
NCB07,OUT017,3112.6164633087997
NCI17,OUT019,358.326071062294
FDR51,OUT046,2474.922615905025
FDJ55,OUT045,3674.330351739905
NCZ17,OUT013,732.7407722413353
FDU25,OUT013,984.3720251121658
NCG18,OUT045,1622.696720911997
DRM11,OUT017,4038.908424697503
FDH16,OUT035,1533.406108568973
FDZ04,OUT018,811.1345427062425
NCX53,OUT035,2192.6247890996196
FDX38,OUT027,1343.167451743894
FDX09,OUT046,2835.292591016427
NCW05,OUT018,1483.9632205441806
NCS41,OUT017,2426.4928592247848
FDI26,OUT046,2934.2785725788776
NCZ41,OUT027,3280.7224670485234
NCK06,OUT046,2035.0433022378409
FDX23,OUT027,2560.0226190027292
NCA42,OUT046,2623.608993246349
FDC20,OUT049,943.0631708525694
DRC49,OUT018,2222.132151948715
FDX01,OUT013,1896.5352443585552
FDC08,OUT045,3640.9312607778897
FDC02,OUT017,4327.42325610725
FDK10,OUT045,2891.1010716508777
DRC24,OUT013,2474.922615905025
FDW16,OUT019,302.15357884034177
NCU06,OUT018,3395.5250368630245
DRA59,OUT045,3101.3194390807466
FDR24,OUT019,302.15357884034177
DRL35,OUT018,559.5032898354124
FDA49,OUT013,1365.9065081716462
NCC55,OUT046,708.1691183687428
DRD24,OUT019,377.95209560517975
NCE55,OUT049,2835.292591016427
FDT33,OUT045,2678.8017090989156
NCT53,OUT013,2635.4550776273513
FDS26,OUT046,4005.509333735488
FDL22,OUT018,1223.633527473498
FDP44,OUT017,1665.8742218399968
FDC52,OUT018,2222.132151948715
FDI53,OUT010,396.7727191406482
FDZ23,OUT046,3144.4969400087466
NCT18,OUT013,3121.2899821986935
FDR13,OUT046,1896.5352443585552
FDB09,OUT010,371.9845362323313
FDZ60,OUT013,1657.2007029501035
FDB11,OUT046,3717.507852667905
FDC10,OUT018,1797.8896440951637
FDW56,OUT035,4046.895915481625
FDK14,OUT027,2349.471210396398
DRE27,OUT027,2560.0226190027292
FDA38,OUT017,3878.650937946416
FDT11,OUT045,3101.3194390807466
FDP15,OUT035,4418.232103262981
FDV27,OUT035,1413.9907532963643
FDS36,OUT027,2662.5107018679887
FDY40,OUT027,1343.167451743894
NCF19,OUT049,821.0404625251389
FDF53,OUT045,3070.275575588504
FDS14,OUT027,3748.6248488804604
FDE56,OUT046,1076.0894512681207
FDZ19,OUT035,2973.6892988137024
FDZ46,OUT013,1831.4608716149978
FDR16,OUT046,3506.7536488221826
FDG29,OUT018,559.5032898354124
NCE30,OUT017,3448.665200391977
FDZ40,OUT046,877.8621024506448
FDG58,OUT018,2222.132151948715
DRH03,OUT013,1550.1678745561005
FDZ47,OUT045,1571.1223515232516
FDV04,OUT018,2168.4321446607883
FDZ10,OUT018,1868.296894074223
FDG46,OUT017,1896.5352443585552
NCF07,OUT045,1602.1662150154937
FDY44,OUT035,3183.9076662435714
FDB21,OUT013,3895.4283250494987
FDS20,OUT035,3183.9076662435714
FDS49,OUT049,1315.0441399929523
FDX55,OUT027,5502.445752752667
NCQ02,OUT018,2799.4877082794064
FDR25,OUT013,4055.6858118005857
DRG39,OUT045,933.5630896313604
FDB46,OUT046,3506.7536488221826
NCC30,OUT018,2646.467922522803
FDE58,OUT035,2025.5568205059974
FDC05,OUT019,575.1592335518758
FDY15,OUT046,2614.9354743564554
FDG14,OUT046,2616.787364165795
FDL08,OUT049,3878.650937946416
FDQ47,OUT013,708.1691183687428
FDN12,OUT035,1870.8715978498226
FDW10,OUT013,2741.590824440391
FDD02,OUT035,1935.94597059338
FDX35,OUT010,606.2742769699261
FDT35,OUT046,2713.3056911370218
DRN47,OUT019,462.4919008891399
FDB11,OUT010,596.0219902554734
FDN20,OUT045,2670.128190209022
FDB59,OUT035,3250.3331528029357
FDJ58,OUT045,2792.115090088427
FDU60,OUT046,2713.3056911370218
FDS03,OUT049,1076.0894512681207
FDU40,OUT019,548.9452645019743
DRH15,OUT049,821.0404625251389
FDD04,OUT027,3748.6248488804604
FDQ01,OUT046,4005.509333735488
FDF28,OUT035,2074.4540284726663
FDD22,OUT010,397.1670426338964
FDY19,OUT046,1887.861725468662
FDN33,OUT035,1533.406108568973
FDV36,OUT035,2095.9640704850567
FDW01,OUT010,375.117213466181
FDJ28,OUT049,3144.4969400087466
FDB17,OUT035,2973.6892988137024
FDM40,OUT049,2161.8875817546887
FDV46,OUT045,2077.901280061913
FDQ44,OUT049,1986.1460942711726
NCD42,OUT046,708.1691183687428
DRH37,OUT046,2635.4550776273513
FDR10,OUT018,2394.0433749488784
NCD06,OUT027,1343.167451743894
FDI53,OUT046,2623.608993246349
FDG16,OUT035,3546.1643750570074
DRB25,OUT046,1665.8742218399968
FDY09,OUT046,2835.292591016427
FDX48,OUT045,2431.745114977025
FDC03,OUT010,548.9452645019743
FDT47,OUT035,1589.5786007909253
FDW44,OUT027,4647.67183411649
FDT24,OUT017,1151.1869842076067
FDT12,OUT019,630.9998490420477
NCS38,OUT035,1935.94597059338
FDO39,OUT035,3183.9076662435714
FDA13,OUT046,732.7407722413353
FDO48,OUT035,3756.9185789027297
DRJ01,OUT017,2548.4494005302845
FDD53,OUT018,559.5032898354124
NCT05,OUT049,4038.908424697503
FDQ51,OUT045,811.5403813039298
FDU60,OUT013,2713.3056911370218
FDC59,OUT046,1031.3791854589451
FDP36,OUT035,885.3985104489688
NCM19,OUT017,1831.4608716149978
FDL16,OUT035,772.15149847616
FDE50,OUT018,2814.021147199566
NCR18,OUT013,732.7407722413353
NCD30,OUT035,1580.905081901032
FDH31,OUT013,1665.8742218399968
FDD56,OUT019,502.6613104707421
FDC47,OUT049,4045.2718153428796
FDZ21,OUT045,1525.4755564109746
FDM01,OUT049,1665.8742218399968
FDF24,OUT013,1356.3275678506145
FDW23,OUT017,732.7407722413353
FDY52,OUT018,811.1345427062425
DRH37,OUT027,4053.2095277338176
DRO47,OUT027,2974.383047106263
FDR25,OUT049,4014.1828526253817
FDQ24,OUT027,5988.89671318066
DRJ51,OUT018,3453.61348529323
NCU06,OUT035,3825.751568502046
NCV18,OUT018,1614.7743822233767
NCC06,OUT027,3402.841799066048
FDZ01,OUT018,1492.636739434074
FDT14,OUT017,1994.819613161066
FDD11,OUT019,234.46117447907488
FDN09,OUT017,3878.650937946416
NCO18,OUT010,436.4321605807683
FDZ50,OUT045,3101.3194390807466
FDS44,OUT013,4033.086437712432
FDI36,OUT045,3101.3194390807466
FDA26,OUT010,607.2941189350377
NCY53,OUT049,1843.5137823866419
FDF32,OUT049,3219.5959454580047
FDF59,OUT010,383.6385779633833
FDB20,OUT046,1215.6773885422258
DRH11,OUT035,982.4738970873941
FDT03,OUT049,2399.6135858535185
NCH06,OUT035,3622.8598736394097
FDR55,OUT049,3144.4969400087466
FDI10,OUT035,2874.703317251252
FDZ12,OUT045,2118.7100808266887
FDM12,OUT049,3144.4969400087466
DRB25,OUT045,1622.696720911997
NCS41,OUT013,2206.7222735633077
NCT53,OUT049,2635.4550776273513
NCD55,OUT013,732.7407722413353
FDY08,OUT049,2161.8875817546887
NCP55,OUT049,943.0631708525694
FDA33,OUT013,2474.922615905025
FDQ33,OUT013,2952.712385288834
FDE45,OUT027,4760.955213105862
FDT26,OUT013,2026.3697833479475
NCV53,OUT049,4599.382217122378
FDK60,OUT027,2560.0226190027292
NCJ29,OUT046,1356.3275678506145
FDI15,OUT045,3971.0053516973817
FDX21,OUT013,1831.4608716149978
FDV49,OUT019,778.9915653712521
DRO59,OUT046,1315.0441399929523
FDZ14,OUT045,1991.8658013098411
FDP32,OUT027,3280.7224670485234
FDC33,OUT017,3144.4969400087466
FDT14,OUT010,371.9845362323313
NCN54,OUT027,2245.174416137869
FDR57,OUT027,3748.6248488804604
DRK12,OUT046,708.1691183687428
FDX52,OUT049,3144.4969400087466
FDX08,OUT010,436.4321605807683
FDP10,OUT010,354.9126205044083
NCP50,OUT045,1305.5440587717433
NCL06,OUT013,4022.3229354425016
FDP25,OUT013,3506.7536488221826
FDE53,OUT013,1665.8742218399968
FDL27,OUT017,1130.5471318963494
FDC35,OUT049,3506.7536488221826
DRJ47,OUT010,493.98779158084864
FDD16,OUT018,1033.7663872464095
NCN42,OUT049,2466.249097015131
FDC38,OUT027,3261.6849483079072
NCO07,OUT045,3463.5761478941827
FDQ20,OUT049,732.7407722413353
FDI32,OUT046,1896.5352443585552
FDN20,OUT010,416.2004926947008
DRJ51,OUT027,5839.267567154909
FDU08,OUT045,1525.4755564109746
DRN37,OUT019,424.87401158459426
FDD05,OUT010,363.3110173424379
FDW15,OUT046,2474.922615905025
FDI52,OUT046,2026.3697833479475
DRM11,OUT049,4038.908424697503
NCO06,OUT045,689.9955182576405
FDU38,OUT049,3144.4969400087466
FDU59,OUT018,2394.0433749488784
FDJ10,OUT046,2121.078780989913
FDM13,OUT049,2121.078780989913
NCJ30,OUT019,424.87401158459426
FDM45,OUT018,1838.1133331719384
FDP36,OUT045,811.5403813039298
NCD30,OUT010,349.65255217240053
FDN48,OUT017,1550.1678745561005
FDY32,OUT049,2623.608993246349
FDU47,OUT046,2161.8875817546887
FDF17,OUT019,575.1592335518758
FDP34,OUT017,2623.608993246349
FDA47,OUT049,2635.4550776273513
DRD27,OUT027,2560.0226190027292
FDW38,OUT045,933.5630896313604
FDZ15,OUT019,371.00055374940877
FDZ03,OUT027,5140.350473142256
NCN19,OUT049,3144.4969400087466
FDG02,OUT035,3183.9076662435714
FDS31,OUT035,3183.9076662435714
FDW43,OUT019,630.9998490420477
FDZ47,OUT010,290.92692170513465
FDO57,OUT017,2592.5651297541067
NCL07,OUT013,732.7407722413353
NCV42,OUT013,1831.4608716149978
FDP40,OUT017,1852.1873012765352
FDP48,OUT019,783.767140556976
FDH21,OUT017,2623.608993246349
NCP02,OUT049,984.3720251121658
FDK24,OUT049,821.0404625251389
FDC41,OUT045,1141.6869029863976
FDF08,OUT017,1374.5800270615396
FDO49,OUT017,845.9877842141441
FDS56,OUT027,6045.571849702343
FDX46,OUT018,811.1345427062425
FDQ07,OUT013,3506.7536488221826
FDC32,OUT010,293.4800599504483
FDT21,OUT019,630.9998490420477
FDG58,OUT045,2431.745114977025
FDW14,OUT049,1374.5800270615396
DRA12,OUT027,3261.6849483079072
FDV27,OUT013,1374.5800270615396
DRD25,OUT013,1852.1873012765352
DRF48,OUT027,5140.350473142256
FDX24,OUT017,1493.9953823341482
DRJ51,OUT046,3819.7037186253056
FDE45,OUT045,2891.1010716508777
FDE14,OUT046,1665.8742218399968
FDG53,OUT045,2077.901280061913
FDT08,OUT046,2474.922615905025
DRC27,OUT027,5898.214786476021
FDG20,OUT035,2874.703317251252
FDC21,OUT046,1665.8742218399968
FDV31,OUT018,2547.4819409603524
FDB58,OUT045,2118.7100808266887
FDV23,OUT046,2035.0433022378409
FDA25,OUT019,363.58613939430177
FDC15,OUT046,2623.608993246349
FDU47,OUT049,2121.078780989913
FDE23,OUT013,821.0404625251389
FDS08,OUT013,2835.292591016427
FDW03,OUT027,2662.5107018679887
FDJ60,OUT018,2385.3698560589846
FDM34,OUT017,2112.405262100019
FDW33,OUT013,1665.8742218399968
FDZ40,OUT013,943.0631708525694
FDE33,OUT018,1133.133138697136
NCC06,OUT010,497.08439109101505
FDU11,OUT046,1905.4535259649801
FDL44,OUT017,2626.7815587374575
NCZ29,OUT017,2065.2268631401257
FDG28,OUT010,630.9998490420477
FDL12,OUT018,811.1345427062425
FDD52,OUT017,1657.2007029501035
FDO15,OUT013,1130.5471318963494
NCN29,OUT027,1343.167451743894
FDW36,OUT013,1665.8742218399968
FDB21,OUT046,3853.9253658742946
FDZ28,OUT013,2056.553344250232
FDY10,OUT035,1935.94597059338
DRG39,OUT017,877.8621024506448
FDN28,OUT013,1665.8742218399968
FDV15,OUT035,1705.2849480748216
DRI13,OUT035,3546.1643750570074
FDH20,OUT046,1550.1678745561005
FDY51,OUT013,3506.7536488221826
FDE16,OUT013,3619.9773851099862
FDX40,OUT018,534.9316359628199
FDC48,OUT018,1141.8066575870293
FDS14,OUT046,2474.922615905025
FDX56,OUT017,3506.7536488221826
FDI10,OUT046,2835.292591016427
FDI14,OUT013,2161.8875817546887
DRM48,OUT013,708.1691183687428
NCH07,OUT027,4020.702350610644
FDY26,OUT013,3498.080129932289
FDD02,OUT027,2974.383047106263
FDM12,OUT046,3144.4969400087466
DRF01,OUT010,340.3003536861929
FDV36,OUT046,2056.553344250232
DRI59,OUT013,3759.010811843109
FDV03,OUT018,2222.132151948715
FDO39,OUT017,3144.4969400087466
NCB07,OUT018,2790.8141893895126
FDH38,OUT027,2974.383047106263
FDZ13,OUT035,860.4511887599635
NCZ30,OUT046,2035.0433022378409
NCA06,OUT035,738.9063257136742
FDB04,OUT049,1374.5800270615396
FDN50,OUT013,1493.9953823341482
NCG06,OUT049,3980.8199762672975
NCY17,OUT018,559.5032898354124
FDC23,OUT046,2934.2785725788776
FDK33,OUT049,3506.7536488221826
FDR03,OUT049,3506.7536488221826
FDZ07,OUT045,1066.5893700469117
FDO38,OUT013,1315.0441399929523
FDS59,OUT046,1665.8742218399968
DRM11,OUT019,754.2659932991305
FDX52,OUT027,5140.350473142256
DRJ35,OUT018,811.1345427062425
NCP53,OUT046,3878.650937946416
FDW15,OUT019,375.117213466181
DRI47,OUT045,2431.745114977025
DRZ11,OUT035,2074.4540284726663
FDS02,OUT013,3144.4969400087466
DRD49,OUT018,3487.835132542219
FDW38,OUT049,877.8621024506448
FDR21,OUT019,436.4321605807683
FDE40,OUT013,1076.0894512681207
FDI02,OUT045,1788.283370686998
FDQ04,OUT045,723.2406910201263
FDY14,OUT017,4038.908424697503
NCT54,OUT046,1550.1678745561005
DRD25,OUT017,1831.4608716149978
DRE01,OUT045,3810.7478649462946
FDJ12,OUT010,607.2941189350377
NCZ05,OUT049,1665.8742218399968
DRB25,OUT019,376.44061297235913
NCC31,OUT045,2580.4314923183492
FDM16,OUT045,1141.6869029863976
DRG11,OUT049,1665.8742218399968
FDV24,OUT027,3748.6248488804604
FDV43,OUT046,732.7407722413353
FDG05,OUT018,2222.132151948715
FDV23,OUT010,371.9845362323313
FDI58,OUT018,1320.7578999282252
FDQ11,OUT017,4038.908424697503
FDC05,OUT027,5140.350473142256
FDF40,OUT013,3911.4803782317263
FDU02,OUT018,3453.61348529323
FDT32,OUT013,3135.823421118853
NCF06,OUT017,3980.8199762672975
FDT46,OUT013,821.0404625251389
FDR58,OUT010,302.15357884034177
FDY04,OUT046,2635.4550776273513
FDT58,OUT045,2678.8017090989156
FDE46,OUT049,2466.249097015131
DRH11,OUT017,943.0631708525694
DRI51,OUT046,2835.292591016427
FDC35,OUT017,3506.7536488221826
FDP45,OUT035,3734.071717496841
FDC45,OUT017,2721.9792100269156
FDU01,OUT045,3092.645920190853
FDJ53,OUT010,371.9845362323313
FDJ46,OUT017,2835.292591016427
FDX07,OUT013,3135.823421118853
NCI30,OUT049,3811.8889706263167
FDE47,OUT027,3189.029887950151
FDV48,OUT045,1305.5440587717433
FDN16,OUT019,363.58613939430177
FDM52,OUT013,2474.922615905025
FDA32,OUT027,5502.445752752667
FDH05,OUT017,3819.7037186253056
FDW25,OUT010,299.1094221260974
FDQ09,OUT046,1896.5352443585552
NCM17,OUT010,148.44862235180278
DRM59,OUT046,2474.922615905025
FDV47,OUT027,2349.471210396398
DRE15,OUT035,1190.5977104424314
FDS25,OUT010,376.44061297235913
NCZ05,OUT018,1492.636739434074
NCV05,OUT019,375.117213466181
DRM37,OUT046,3634.340415791115
FDV58,OUT027,5140.350473142256
FDN22,OUT027,5988.89671318066
NCO06,OUT049,699.4955994788495
FDT56,OUT019,173.09022651657375
FDM02,OUT013,1374.5800270615396
FDA09,OUT046,2934.2785725788776
NCC06,OUT035,2218.0834025025815
NCL54,OUT049,2835.292591016427
NCB55,OUT017,943.0631708525694
FDB12,OUT017,1665.8742218399968
NCA54,OUT049,2934.2785725788776
NCS38,OUT049,1896.5352443585552
FDC02,OUT049,4327.42325610725
FDK44,OUT019,502.6613104707421
FDE16,OUT035,3659.388111344811
NCS05,OUT035,2160.4895072247377
FDZ59,OUT045,2678.8017090989156
FDI20,OUT017,3647.037265667587
FDQ14,OUT046,2474.922615905025
FDF53,OUT017,2903.234709086635
FDW25,OUT017,1374.5800270615396
NCQ43,OUT010,376.44061297235913
FDX52,OUT013,3144.4969400087466
FDE28,OUT045,3776.5262176973056
FDN15,OUT017,2121.078780989913
FDO28,OUT017,1905.4535259649801
FDQ33,OUT045,2909.534884360834
FDM22,OUT010,131.78137225697782
FDJ03,OUT017,821.0404625251389
FDI16,OUT045,933.5630896313604
FDI09,OUT027,5873.489214403899
FDX55,OUT013,3506.7536488221826
FDS23,OUT027,3280.7224670485234
DRC12,OUT045,3101.3194390807466
FDH41,OUT049,3506.7536488221826
FDN01,OUT013,2835.292591016427
FDV55,OUT045,2431.745114977025
NCJ19,OUT013,934.3896519626761
NCY29,OUT010,131.78137225697782
FDP03,OUT018,1838.1133331719384
FDZ52,OUT045,1779.6098517971047
FDH31,OUT010,363.58613939430177
FDQ19,OUT018,3512.5607046143405
FDS15,OUT035,1705.2849480748216
FDN32,OUT017,3144.4969400087466
FDH32,OUT049,1550.1678745561005
FDF33,OUT017,1665.8742218399968
FDJ22,OUT046,2996.6022524788295
FDG56,OUT010,220.0973868633526
FDC05,OUT046,3144.4969400087466
FDK09,OUT013,3861.2066778005096
NCV29,OUT045,2792.115090088427
NCC43,OUT019,552.0621106724232
NCA42,OUT049,2514.960278023457
FDC10,OUT046,1896.5352443585552
FDC16,OUT013,1374.5800270615396
NCL17,OUT013,2161.8875817546887
FDA51,OUT035,1935.94597059338
FDW01,OUT017,2474.922615905025
NCF30,OUT045,2022.049362212126
FDN49,OUT013,732.7407722413353
FDY20,OUT045,1372.178691734295
FDC15,OUT045,2431.745114977025
FDY24,OUT046,877.8621024506448
NCG43,OUT017,1541.4943556662072
FDA48,OUT013,3734.2852397709876
NCF55,OUT017,708.1691183687428
FDL38,OUT049,1396.8710098794209
NCQ29,OUT018,3661.6389904969524
FDC34,OUT017,2514.960278023457
FDP36,OUT027,1399.9023950589876
FDN50,OUT010,302.15357884034177
FDO23,OUT049,1550.1678745561005
FDT56,OUT013,943.0631708525694
FDT13,OUT027,5140.350473142256
FDZ03,OUT013,3144.4969400087466
FDQ03,OUT010,488.4385438301134
FDU44,OUT045,2592.2775766993514
FDD03,OUT049,3819.7037186253056
NCH30,OUT013,1831.4608716149978
FDS60,OUT010,243.7444124422819
FDG08,OUT046,2835.292591016427
FDX38,OUT017,821.0404625251389
FDD22,OUT017,1896.5352443585552
FDW51,OUT013,3506.7536488221826
FDL09,OUT017,2713.3056911370218
FDZ60,OUT045,1614.0232020221038
NCH07,OUT046,2623.608993246349
NCQ41,OUT049,3144.4969400087466
FDW04,OUT049,2065.2268631401257
FDI08,OUT027,6045.571849702343
FDR19,OUT019,375.117213466181
FDV13,OUT046,1374.5800270615396
FDB52,OUT017,3518.956656283786
FDZ48,OUT027,2963.2373644176264
NCO14,OUT049,821.0404625251389
FDZ50,OUT013,3144.4969400087466
FDN27,OUT019,371.2971758391139
FDQ60,OUT013,2035.0433022378409
FDR49,OUT017,821.0404625251389
DRJ35,OUT027,1823.4270440110874
DRI49,OUT017,1356.3275678506145
FDB47,OUT017,3506.7536488221826
FDP37,OUT010,383.6385779633833
FDR26,OUT049,2804.2487275241847
FDY31,OUT019,375.117213466181
FDC11,OUT045,1363.5051728444016
DRP47,OUT035,4078.319150932328
NCY54,OUT018,2547.4819409603524
FDR27,OUT046,2121.078780989913
FDQ21,OUT019,371.9845362323313
NCQ29,OUT035,4053.5935788602064
FDJ02,OUT046,2474.922615905025
FDE21,OUT018,1699.605275292653
FDM39,OUT046,2979.027403886398
FDZ01,OUT017,1665.8742218399968
NCB19,OUT018,1201.3425446556166
FDU03,OUT046,3135.823421118853
FDP27,OUT049,3144.4969400087466
DRF01,OUT045,2431.745114977025
FDM03,OUT049,1665.8742218399968
FDV01,OUT046,2466.249097015131
FDS16,OUT046,2474.922615905025
FDO45,OUT035,1436.2817361142456
NCX06,OUT035,2973.6892988137024
FDP13,OUT046,732.7407722413353
NCR38,OUT018,3603.550542066747
FDA01,OUT013,943.0631708525694
FDT26,OUT017,1887.861725468662
FDD44,OUT027,6454.284021737806
FDB26,OUT013,943.0631708525694
FDP45,OUT019,434.7441319357649
NCP55,OUT046,943.0631708525694
FDT23,OUT017,1315.0441399929523
FDO51,OUT045,723.2406910201263
FDA44,OUT046,934.3896519626761
NCJ31,OUT018,3479.1616136523253
FDX37,OUT045,1602.1662150154937
NCD18,OUT049,3786.3408422672214
FDN40,OUT027,3748.6248488804604
FDL33,OUT017,3144.4969400087466
DRF48,OUT035,3183.9076662435714
FDW08,OUT035,1705.2849480748216
FDX39,OUT018,3165.412948785226
FDB38,OUT049,2626.7815587374575
FDY46,OUT018,2814.021147199566
NCB06,OUT049,2623.608993246349
FDA34,OUT035,2874.703317251252
FDA35,OUT045,1951.6421122330662
FDQ07,OUT035,3546.1643750570074
FDU32,OUT045,1991.8658013098411
FDU26,OUT013,2035.0433022378409
FDU13,OUT010,375.117213466181
FDO09,OUT035,4053.5935788602064
FDW03,OUT019,363.58613939430177
FDB38,OUT013,2614.9354743564554
FDL26,OUT010,375.117213466181
NCN43,OUT045,1991.8658013098411
FDH08,OUT045,3801.251789769427
NCC31,OUT019,396.7727191406482
FDH14,OUT035,2160.4895072247377
FDL40,OUT017,1550.1678745561005
FDD20,OUT035,2074.4540284726663
NCV53,OUT035,4893.2096844788475
FDD16,OUT045,1133.0133840965043
FDP24,OUT035,2025.5568205059974
FDQ25,OUT045,2792.115090088427
FDM38,OUT035,917.2728286854694
NCT18,OUT010,436.4321605807683
FDM34,OUT049,2112.405262100019
DRH37,OUT010,424.87401158459426
NCE07,OUT013,2222.2461763435945
FDG12,OUT013,1896.5352443585552
FDB59,OUT010,566.4857146619825
FDS10,OUT018,2637.794403632909
FDN21,OUT010,400.82812987127176
FDM02,OUT045,1365.0799458403305
FDO44,OUT049,1852.1873012765352
NCN17,OUT017,1665.8742218399968
FDH16,OUT018,1320.7578999282252
FDL44,OUT046,2614.9354743564554
FDY47,OUT017,2065.2268631401257
DRI39,OUT046,943.0631708525694
NCX54,OUT018,1492.636739434074
FDE59,OUT046,708.1691183687428
FDO46,OUT045,3101.3194390807466
DRE13,OUT046,1374.5800270615396
FDW14,OUT013,1396.8710098794209
FDF35,OUT046,1665.8742218399968
FDO50,OUT019,302.15357884034177
DRF49,OUT017,1896.5352443585552
FDT60,OUT049,2065.2268631401257
FDP38,OUT045,811.5403813039298
FDA31,OUT027,4647.67183411649
FDY52,OUT010,220.0973868633526
FDD03,OUT027,5839.267567154909
FDN52,OUT018,1201.3425446556166
FDU20,OUT010,362.3270348595153
FDD22,OUT035,1870.8715978498226
NCB55,OUT019,131.78137225697782
FDN27,OUT045,1802.6193429327
FDD16,OUT013,1306.370621103059
FDW48,OUT046,1315.0441399929523
DRN35,OUT045,698.6690371475338
FDX25,OUT049,2934.2785725788776
DRD49,OUT049,3853.9253658742946
FDE21,OUT019,371.2971758391139
FDN44,OUT035,2663.019719481174
DRC01,OUT049,821.0404625251389
NCK30,OUT046,3980.8199762672975
FDU39,OUT013,934.3896519626761
FDB49,OUT013,1550.1678745561005
FDS12,OUT045,2022.049362212126
FDR57,OUT018,2295.598886070788
FDX22,OUT027,5502.445752752667
FDC60,OUT013,1396.8710098794209
NCE42,OUT049,3487.4247455515806
NCK42,OUT049,3448.665200391977
DRE01,OUT017,3853.9253658742946
FDE57,OUT018,1909.0971177983772
DRK59,OUT019,335.98280214242266
FDB10,OUT027,5898.214786476021
FDQ25,OUT046,2835.292591016427
FDY26,OUT017,3498.080129932289
FDG28,OUT049,3878.650937946416
FDM14,OUT049,1665.8742218399968
NCH29,OUT049,1626.8585331606196
FDD48,OUT049,1896.5352443585552
FDC17,OUT045,3463.5761478941827
DRH49,OUT027,2349.471210396398
FDN44,OUT018,2404.2476012936804
FDC29,OUT045,1853.3577434305555
DRK01,OUT019,302.15357884034177
FDD48,OUT017,1896.5352443585552
FDB59,OUT013,3210.922426568111
FDY45,OUT010,778.9915653712521
FDX60,OUT035,1354.454866227777
FDT09,OUT010,365.8809246441584
DRB24,OUT018,2222.132151948715
FDL13,OUT035,3883.8400169322517
FDN16,OUT035,1705.2849480748216
FDK57,OUT013,2035.0433022378409
FDO22,OUT027,2245.174416137869
FDC57,OUT010,540.271745612081
FDZ13,OUT027,1343.167451743894
FDW27,OUT013,2474.922615905025
FDX10,OUT049,708.1691183687428
FDY08,OUT018,1924.14881192401
FDA49,OUT017,1365.9065081716462
FDC32,OUT018,1368.2568732602842
FDO04,OUT035,982.4738970873941
NCZ54,OUT013,2742.323717369448
FDY40,OUT045,811.5403813039298
FDW36,OUT045,1622.696720911997
FDE11,OUT017,3144.4969400087466
DRE37,OUT045,3101.3194390807466
NCK19,OUT017,3144.4969400087466
FDT19,OUT035,2874.703317251252
FDE56,OUT045,974.8719438909568
FDZ57,OUT010,383.6385779633833
FDB35,OUT035,1533.406108568973
FDF09,OUT010,35.577278195406365
FDO34,OUT046,2721.9792100269156
FDA55,OUT046,3717.507852667905
NCM18,OUT035,1023.7827513469904
FDJ20,OUT019,371.9845362323313
DRQ35,OUT019,383.6385779633833
FDG02,OUT013,3144.4969400087466
NCU29,OUT018,2222.132151948715
FDL27,OUT027,1840.786594978696
NCA54,OUT035,2973.6892988137024
FDJ32,OUT035,1070.78991169377
FDB21,OUT019,606.2742769699261
FDR46,OUT035,2514.3333421398497
FDZ32,OUT046,1665.8742218399968
DRF36,OUT017,3544.8285843975186
NCU54,OUT017,3448.665200391977
NCI31,OUT017,699.4955994788495
DRA59,OUT035,3183.9076662435714
NCC55,OUT045,698.6690371475338
FDE44,OUT018,647.8029801192164
NCN26,OUT018,1699.605275292653
FDC11,OUT049,1521.1193395584564
FDV24,OUT035,2514.3333421398497
FDR40,OUT019,258.8324176870925
NCQ17,OUT049,2623.608993246349
FDC46,OUT045,3101.3194390807466
NCM18,OUT046,1076.0894512681207
FDK16,OUT046,1550.1678745561005
FDI28,OUT017,1315.0441399929523
FDS11,OUT018,3376.1671526309483
DRD13,OUT046,1076.0894512681207
FDL36,OUT035,1436.2817361142456
FDI27,OUT013,821.0404625251389
FDJ53,OUT019,371.2971758391139
FDS44,OUT045,3973.1315496813495
FDE28,OUT046,3819.7037186253056
FDQ33,OUT018,2633.778890589468
FDB37,OUT017,3869.977419056522
FDQ31,OUT045,1365.0799458403305
NCQ05,OUT046,2474.922615905025
FDE10,OUT013,2121.078780989913
FDF38,OUT017,732.7407722413353
FDE50,OUT019,548.9452645019743
DRG37,OUT010,375.117213466181
NCH06,OUT049,4610.456923963906
FDY14,OUT045,3995.730923769503
FDO27,OUT017,1550.1678745561005
FDQ19,OUT049,3878.650937946416
FDZ26,OUT019,606.2742769699261
FDN51,OUT013,4080.411383872707
FDK20,OUT035,2074.4540284726663
FDD40,OUT018,2814.021147199566
DRI25,OUT018,761.1521695567536
FDH56,OUT017,1896.5352443585552
FDI36,OUT027,5140.350473142256
DRH11,OUT018,769.825688446647
NCV18,OUT017,1788.0118646292997
DRI01,OUT049,2835.292591016427
DRE48,OUT049,3219.5959454580047
FDS51,OUT035,1023.7827513469904
FDM38,OUT017,821.0404625251389
FDB60,OUT027,5140.350473142256
FDY58,OUT035,3883.8400169322517
FDY22,OUT045,2179.0686754155945
FDF11,OUT027,5898.214786476021
FDZ51,OUT035,1589.5786007909253
FDQ45,OUT017,3144.4969400087466
FDF17,OUT035,3183.9076662435714
NCF31,OUT027,3748.6248488804604
FDA37,OUT013,2035.0433022378409
FDO51,OUT046,732.7407722413353
FDF34,OUT013,3144.4969400087466
FDD57,OUT018,1376.9303921501776
FDO37,OUT046,3844.429290697427
FDR49,OUT049,821.0404625251389
FDS39,OUT049,2161.8875817546887
FDI48,OUT027,1431.7767132954882
DRM35,OUT049,2934.2785725788776
FDV57,OUT035,2973.6892988137024
FDZ55,OUT013,2635.4550776273513
FDI28,OUT035,1354.454866227777
FDS21,OUT045,1057.9158511570183
FDT34,OUT013,1665.8742218399968
DRI25,OUT035,973.8003781975008
FDT47,OUT010,358.326071062294
DRH39,OUT045,1110.6430394941556
NCD54,OUT045,2381.006714479169
FDU16,OUT027,2367.7236696073232
NCW29,OUT045,2077.901280061913
FDV25,OUT027,5816.667692603195
FDM56,OUT035,1705.2849480748216
FDZ04,OUT027,1964.375605143807
FDG59,OUT019,35.577278195406365
FDI56,OUT045,1372.178691734295
FDS33,OUT035,1413.9907532963643
FDC23,OUT049,2835.292591016427
FDT11,OUT049,3144.4969400087466
FDG17,OUT045,3835.473437018416
FDZ44,OUT045,1853.3577434305555
FDJ52,OUT013,2623.608993246349
DRI23,OUT046,2614.9354743564554
DRE15,OUT010,258.8324176870925
NCF07,OUT013,1665.8742218399968
NCR29,OUT049,943.0631708525694
FDE44,OUT019,148.44862235180278
FDT23,OUT035,1354.454866227777
NCG06,OUT017,3980.8199762672975
NCU41,OUT010,540.271745612081
FDH46,OUT017,1665.8742218399968
FDV31,OUT013,2934.2785725788776
NCT41,OUT027,3748.6248488804604
FDE22,OUT027,4020.702350610644
FDC26,OUT045,1622.696720911997
DRF51,OUT017,708.1691183687428
NCY53,OUT019,371.2971758391139
FDY21,OUT017,3144.4969400087466
FDL27,OUT013,1076.0894512681207
FDZ34,OUT049,3280.8423964419876
NCF43,OUT010,283.9340452931097
FDC21,OUT035,1705.2849480748216
FDL26,OUT013,2474.922615905025
FDT25,OUT010,371.00055374940877
NCR30,OUT046,1142.5134653177133
DRL23,OUT019,363.58613939430177
NCR05,OUT049,3144.4969400087466
NCE19,OUT018,769.825688446647
FDY07,OUT035,772.15149847616
FDB10,OUT017,3878.650937946416
FDP57,OUT013,1665.8742218399968
FDU48,OUT019,365.8809246441584
FDH48,OUT035,1413.9907532963643
FDO33,OUT035,1935.94597059338
NCU29,OUT045,2431.745114977025
FDW35,OUT046,732.7407722413353
FDH05,OUT010,606.2742769699261
FDP26,OUT049,1665.8742218399968
DRG27,OUT035,772.15149847616
FDQ33,OUT046,2952.712385288834
FDH20,OUT010,358.326071062294
FDV14,OUT046,1388.1974909895275
DRD01,OUT046,943.0631708525694
NCI17,OUT049,1550.1678745561005
FDF39,OUT010,842.9287480166283
FDX37,OUT046,1665.8742218399968
NCX17,OUT035,3594.4199953934785
FDN03,OUT013,4080.411383872707
NCS41,OUT010,-388.8294019434643
FDH34,OUT045,3101.3194390807466
NCX53,OUT018,1900.4235989084839
FDY31,OUT046,2474.922615905025
FDD20,OUT017,2065.2268631401257
FDE51,OUT045,811.5403813039298
FDV27,OUT046,1374.5800270615396
FDF16,OUT035,2514.3333421398497
FDZ02,OUT049,1550.1678745561005
NCK05,OUT045,1057.9158511570183
FDM12,OUT027,5140.350473142256
NCA05,OUT018,2191.0882884564726
FDX33,OUT045,2580.4314923183492
FDM25,OUT049,2835.292591016427
FDE41,OUT018,1201.3425446556166
FDW14,OUT045,1365.0799458403305
NCD30,OUT046,1541.4943556662072
FDB23,OUT010,612.0740434377017
FDF45,OUT046,984.3720251121658
FDW20,OUT017,2003.9994387455988
FDF47,OUT045,3350.6886829521427
NCR05,OUT019,607.2941189350377
DRB01,OUT046,2474.6546605842555
FDE36,OUT013,2924.467713891542
FDU56,OUT049,3144.4969400087466
FDB23,OUT049,3708.834333778011
FDN48,OUT049,1396.8710098794209
FDS43,OUT013,3144.4969400087466
NCN05,OUT013,3144.4969400087466
NCL53,OUT049,2835.292591016427
FDL56,OUT046,1374.5800270615396
FDH17,OUT018,1376.9303921501776
FDP37,OUT046,2065.2268631401257
FDG09,OUT019,548.9452645019743
FDA55,OUT045,3674.330351739905
FDX31,OUT049,3835.755771807533
FDJ41,OUT045,3995.730923769503
DRC24,OUT045,2431.745114977025
FDQ21,OUT035,2023.7156279748103
NCT54,OUT045,1525.4755564109746
FDH08,OUT049,3844.429290697427
FDY38,OUT018,3453.61348529323
DRM11,OUT010,754.2659932991305
FDG32,OUT049,3684.1087617058897
NCH18,OUT046,3820.5624895162105
FDI20,OUT035,3686.4479919024116
FDA33,OUT018,2222.132151948715
FDN45,OUT013,3725.611720881094
FDT45,OUT010,131.78137225697782
FDR32,OUT035,3859.1144448601303
FDA48,OUT017,3692.7822805957835
FDN23,OUT017,2474.922615905025
NCR18,OUT035,772.15149847616
FDD45,OUT046,1550.1678745561005
FDI22,OUT018,3165.412948785226
FDT09,OUT013,2121.078780989913
DRC24,OUT027,3748.6248488804604
FDT39,OUT046,2474.922615905025
FDX28,OUT045,1525.4755564109746
FDA50,OUT018,1376.9303921501776
FDT33,OUT027,4308.008827088744
FDQ60,OUT049,1994.819613161066
NCM19,OUT018,1658.2233892090749
FDF40,OUT046,4030.2349058076093
NCI30,OUT035,3851.2996968611415
FDK34,OUT049,3878.650937946416
FDA38,OUT027,5898.214786476021
FDT02,OUT045,698.6690371475338
FDC11,OUT017,1521.1193395584564
FDD08,OUT046,732.7407722413353
NCS29,OUT046,4038.908424697503
DRI03,OUT010,502.6613104707421
FDK48,OUT035,1190.5977104424314
FDM52,OUT049,2474.922615905025
FDP49,OUT035,982.4738970873941
DRA24,OUT046,2626.7815587374575
NCJ43,OUT049,2835.292591016427
FDE11,OUT045,3101.3194390807466
FDP01,OUT049,2443.8787524127824
FDQ59,OUT018,1201.3425446556166
FDA43,OUT019,548.9452645019743
FDL14,OUT017,2474.922615905025
FDV50,OUT010,371.9845362323313
FDT01,OUT027,5502.445752752667
NCC42,OUT035,2160.4895072247377
FDO28,OUT046,1896.5352443585552
FDD32,OUT019,258.8324176870925
FDV45,OUT035,3183.9076662435714
NCW17,OUT019,383.6385779633833
NCJ17,OUT027,2367.7236696073232
NCF18,OUT049,3112.6164633087997
FDP01,OUT045,2400.7012514847825
FDH24,OUT045,2440.7389136032143
FDI38,OUT027,5502.445752752667
FDX03,OUT035,772.15149847616
FDY28,OUT046,3506.7536488221826
FDN34,OUT018,2547.4819409603524
FDJ02,OUT045,2431.745114977025
FDW40,OUT019,377.95209560517975
FDX03,OUT017,732.7407722413353
FDE17,OUT027,3748.6248488804604
FDT58,OUT046,2721.9792100269156
FDI38,OUT013,3506.7536488221826
FDW22,OUT035,3756.9185789027297
FDS15,OUT027,2712.7361885649875
NCX06,OUT013,3121.2899821986935
DRK47,OUT035,3883.8400169322517
FDC23,OUT027,4760.955213105862
FDM56,OUT010,376.44061297235913
FDP21,OUT046,3144.4969400087466
FDP58,OUT046,3506.7536488221826
FDA27,OUT019,778.9915653712521
FDK41,OUT019,299.1094221260974
NCH42,OUT046,3786.3408422672214
FDG29,OUT045,723.2406910201263
FDW15,OUT018,2222.132151948715
FDD28,OUT018,769.825688446647
FDQ37,OUT049,3873.764825398884
FDC23,OUT035,2973.6892988137024
FDV13,OUT035,1436.2817361142456
FDK33,OUT046,3506.7536488221826
FDO33,OUT013,1896.5352443585552
FDN21,OUT017,2626.7815587374575
NCW06,OUT027,5117.143515332204
FDI38,OUT035,3546.1643750570074
FDC21,OUT027,2662.5107018679887
NCS05,OUT046,2121.078780989913
NCN53,OUT049,708.1691183687428
FDV40,OUT010,194.34201335247337
FDG60,OUT017,3835.755771807533
NCY30,OUT027,5117.143515332204
FDM40,OUT045,2118.7100808266887
NCO30,OUT046,3112.6164633087997
FDK10,OUT046,2934.2785725788776
FDM36,OUT045,2792.115090088427
FDN10,OUT013,1896.5352443585552
FDM46,OUT018,1320.7578999282252
FDX50,OUT049,1822.7873527251045
FDP33,OUT045,3962.331832807488
FDO12,OUT045,3101.3194390807466
FDC28,OUT013,1831.4608716149978
FDO31,OUT045,1305.5440587717433
FDX45,OUT035,2514.3333421398497
FDV21,OUT049,2065.2268631401257
FDH04,OUT049,1396.8710098794209
NCG54,OUT013,2721.9792100269156
FDO13,OUT046,2635.4550776273513
FDA09,OUT027,4760.955213105862
FDC38,OUT017,2121.078780989913
NCO42,OUT046,2424.184215407169
FDL45,OUT049,2035.0433022378409
NCK31,OUT013,845.9877842141441
FDM39,OUT017,2979.027403886398
FDC22,OUT010,548.9452645019743
FDF46,OUT046,1896.5352443585552
FDQ37,OUT045,3830.587324470884
FDH41,OUT010,607.2941189350377
FDQ04,OUT046,732.7407722413353
NCQ02,OUT027,5117.143515332204
FDJ57,OUT027,5140.350473142256
NCE07,OUT049,2161.8875817546887
FDE56,OUT013,984.3720251121658
FDI20,OUT049,3647.037265667587
FDK36,OUT018,647.8029801192164
FDP08,OUT027,5140.350473142256
FDF44,OUT017,2229.6721394584424
NCU53,OUT017,2721.9792100269156
FDF47,OUT035,3433.2769101149674
FDS55,OUT010,375.117213466181
FDZ52,OUT010,367.7670940824657
FDL04,OUT018,1483.9632205441806
NCM26,OUT035,2505.659823249956
FDX43,OUT049,2721.9792100269156
FDP52,OUT049,3835.755771807533
DRK49,OUT045,723.2406910201263
FDE38,OUT013,2635.4550776273513
DRF13,OUT035,2514.3333421398497
FDK41,OUT010,299.1094221260974
FDJ04,OUT027,3072.667415908774
FDZ44,OUT018,1699.605275292653
FDS11,OUT013,3759.010811843109
FDA55,OUT049,3717.507852667905
NCW53,OUT046,3135.823421118853
FDB49,OUT027,2587.597171462484
FDD23,OUT017,3144.4969400087466
NCV42,OUT045,1788.283370686998
NCZ29,OUT018,1868.296894074223
FDQ26,OUT013,943.0631708525694
FDV08,OUT017,732.7407722413353
FDC53,OUT049,1577.7424270158558
FDV58,OUT010,250.0291677863341
NCP02,OUT019,131.78137225697782
DRI37,OUT045,933.5630896313604
FDQ12,OUT049,3844.429290697427
FDE33,OUT046,1306.370621103059
FDX27,OUT045,1494.4316929187326
FDM22,OUT017,845.9877842141441
NCH30,OUT019,371.2971758391139
FDC04,OUT017,3878.650937946416
FDO38,OUT046,1315.0441399929523
FDV52,OUT027,2974.383047106263
FDB32,OUT013,1541.4943556662072
FDV43,OUT018,647.8029801192164
FDI24,OUT018,2646.467922522803
FDR40,OUT017,1356.3275678506145
FDW02,OUT049,2035.0433022378409
FDE44,OUT049,821.0404625251389
FDL38,OUT046,1396.8710098794209
NCT54,OUT010,358.326071062294
DRJ39,OUT010,598.6206000451443
FDW55,OUT049,4095.583561219186
DRF13,OUT019,283.9340452931097
NCW17,OUT049,2121.078780989913
FDP13,OUT035,772.15149847616
FDS08,OUT018,2547.4819409603524
NCP17,OUT035,1062.1163928038766
NCO53,OUT035,3183.9076662435714
FDH19,OUT045,2783.4415711985334
FDJ04,OUT017,1994.819613161066
FDG10,OUT049,943.0631708525694
FDA40,OUT010,299.1094221260974
FDI53,OUT045,2592.2775766993514
FDU09,OUT010,221.91806094838833
FDK60,OUT045,1525.4755564109746
FDR43,OUT017,708.1691183687428
FDW22,OUT017,3506.7536488221826
DRP47,OUT010,754.2659932991305
DRG48,OUT010,375.117213466181
FDA14,OUT035,2514.3333421398497
FDU49,OUT013,1365.9065081716462
FDK28,OUT045,4333.327371521939
FDT19,OUT046,2835.292591016427
NCQ42,OUT045,1983.1922824199478
FDD03,OUT045,3776.5262176973056
NCM53,OUT013,1657.2007029501035
NCX53,OUT045,2110.036561936795
FDV14,OUT027,2367.7236696073232
NCZ54,OUT017,2754.16980175045
FDB39,OUT013,943.0631708525694
DRC24,OUT046,2474.922615905025
FDY36,OUT013,1151.1869842076067
FDN01,OUT035,2874.703317251252
DRH25,OUT046,869.1885835607515
FDV08,OUT046,732.7407722413353
NCP53,OUT049,3878.650937946416
FDU52,OUT010,378.78253611548047
NCI42,OUT045,3291.496700206461
FDZ14,OUT035,2034.2303393958907
FDF11,OUT046,3878.650937946416
FDQ13,OUT018,1201.3425446556166
FDO32,OUT010,148.44862235180278
DRJ37,OUT018,2222.132151948715
FDY43,OUT046,2721.9792100269156
NCT41,OUT017,2474.922615905025
NCV17,OUT045,2069.227761172019
FDM04,OUT027,1431.7767132954882
DRB48,OUT018,559.5032898354124
FDM24,OUT013,2474.922615905025
FDT37,OUT049,4038.908424697503
NCO05,OUT010,358.326071062294
FDL13,OUT046,3844.429290697427
FDL15,OUT017,2474.922615905025
FDB11,OUT018,3376.1671526309483
FDL14,OUT019,375.117213466181
FDY10,OUT019,371.2971758391139
FDJ40,OUT049,1831.4608716149978
NCW18,OUT046,3820.5624895162105
NCY06,OUT013,2121.078780989913
DRE13,OUT018,1201.3425446556166
FDA26,OUT045,3463.5761478941827
NCE19,OUT010,139.95947631896212
FDE33,OUT035,1345.7813473378837
DRL59,OUT027,1431.7767132954882
FDY07,OUT046,821.0404625251389
FDF57,OUT018,2547.4819409603524
FDM58,OUT035,1870.8715978498226
FDP26,OUT027,2662.5107018679887
FDY32,OUT046,2635.4550776273513
FDD51,OUT010,148.44862235180278
FDU22,OUT018,1708.523556899078
FDZ49,OUT018,3351.441580558827
NCI42,OUT017,3334.674201134461
FDT04,OUT027,1131.7562800588203
NCU41,OUT045,3092.645920190853
FDS56,OUT045,4052.4060602911854
NCN42,OUT017,2466.249097015131
FDK34,OUT046,3878.650937946416
FDB03,OUT017,3853.9253658742946
DRJ25,OUT035,860.4511887599635
FDT25,OUT027,3189.029887950151
FDN20,OUT013,2713.3056911370218
FDP09,OUT013,3498.080129932289
FDM20,OUT019,630.9998490420477
NCG55,OUT046,1896.5352443585552
NCP14,OUT045,1622.696720911997
NCH06,OUT046,3583.449147404585
FDV52,OUT013,1865.4913808663132
NCL07,OUT035,772.15149847616
DRJ11,OUT027,5140.350473142256
DRO59,OUT013,1151.1869842076067
FDW15,OUT010,375.117213466181
NCQ30,OUT035,2074.4540284726663
NCN54,OUT019,194.34201335247337
FDY01,OUT027,2974.383047106263
FDX39,OUT035,3546.1643750570074
FDH53,OUT027,2349.471210396398
FDA57,OUT035,763.4779795862667
NCC07,OUT010,367.7670940824657
FDU28,OUT013,3135.823421118853
FDK36,OUT010,148.44862235180278
FDR36,OUT018,559.5032898354124
NCQ17,OUT035,2514.3333421398497
FDS28,OUT019,131.78137225697782
FDE08,OUT045,2431.745114977025
FDU22,OUT046,1994.819613161066
FDG41,OUT045,1622.696720911997
FDO31,OUT010,258.8324176870925
FDM21,OUT019,754.2659932991305
FDU40,OUT017,2845.5808432931058
FDV36,OUT018,1859.6233751843297
FDT10,OUT027,1659.414559947374
FDX38,OUT045,811.5403813039298
NCU30,OUT027,4053.2095277338176
NCV06,OUT049,3121.2899821986935
FDT16,OUT035,4078.319150932328
NCP41,OUT027,2662.5107018679887
FDZ56,OUT017,2721.9792100269156
FDC22,OUT035,3183.9076662435714
FDU10,OUT035,772.15149847616
FDS46,OUT045,1853.3577434305555
FDO08,OUT049,2635.4550776273513
NCV42,OUT018,1492.636739434074
FDP33,OUT035,4044.9200599703126
FDJ12,OUT046,3506.7536488221826
FDH04,OUT045,1372.178691734295
NCU54,OUT013,3448.665200391977
FDO36,OUT010,453.81838199924647
FDT37,OUT027,5988.89671318066
FDD14,OUT010,517.9014010097324
FDA16,OUT013,3506.7536488221826
NCS42,OUT019,302.15357884034177
FDP10,OUT019,363.58613939430177
FDQ28,OUT049,2474.922615905025
FDK57,OUT010,371.00055374940877
FDK02,OUT013,1896.5352443585552
FDW47,OUT018,1838.1133331719384
NCC42,OUT018,1924.14881192401
FDQ37,OUT018,3660.2055074218047
FDL40,OUT046,1550.1678745561005
DRE13,OUT010,299.1094221260974
FDQ34,OUT027,2662.5107018679887
NCB54,OUT046,2065.2268631401257
FDS48,OUT049,2474.922615905025
FDO15,OUT045,1121.0470506751403
NCT30,OUT013,821.0404625251389
FDU49,OUT027,2367.7236696073232
FDE21,OUT046,1896.5352443585552
FDS49,OUT019,258.8324176870925
FDT38,OUT027,2367.7236696073232
FDZ01,OUT045,1622.696720911997
FDC41,OUT035,1190.5977104424314
DRG13,OUT010,409.5016487611652
NCZ42,OUT018,3454.472256184135
NCM07,OUT045,1365.0799458403305
NCV17,OUT018,1915.4752930341167
DRK39,OUT035,1395.7382940854393
FDS37,OUT018,1699.605275292653
FDV12,OUT019,358.326071062294
NCG19,OUT018,3421.0731652221198
FDS51,OUT013,1031.3791854589451
NCO14,OUT046,732.7407722413353
FDC38,OUT046,2121.078780989913
FDN15,OUT046,2121.078780989913
NCH42,OUT013,3827.8438014424255
FDQ22,OUT046,708.1691183687428
FDC05,OUT013,3144.4969400087466
FDZ31,OUT013,3144.4969400087466
DRJ23,OUT049,3135.823421118853
FDC52,OUT035,2514.3333421398497
DRD12,OUT010,302.15357884034177
FDV55,OUT017,2474.922615905025
FDD32,OUT046,1356.3275678506145
FDR01,OUT049,3506.7536488221826
FDY08,OUT019,365.8809246441584
FDQ45,OUT045,3101.3194390807466
DRN11,OUT027,3748.6248488804604
NCS05,OUT018,1924.14881192401
FDY32,OUT035,2674.865803862176
NCD31,OUT045,2592.2775766993514
NCE06,OUT049,2635.4550776273513
NCP14,OUT046,1665.8742218399968
NCF18,OUT019,525.7383066919215
FDF14,OUT018,2222.132151948715
FDB22,OUT017,2474.922615905025
NCH54,OUT049,2623.608993246349
FDU27,OUT035,851.7776698700702
FDS58,OUT027,4020.702350610644
NCU29,OUT035,2514.3333421398497
FDJ57,OUT013,3144.4969400087466
FDL56,OUT049,1374.5800270615396
FDH60,OUT035,3175.2341473536776
FDN24,OUT018,769.825688446647
FDD02,OUT017,1994.819613161066
FDP15,OUT017,4387.586385172352
FDB28,OUT027,5140.350473142256
DRC49,OUT045,2431.745114977025
NCG30,OUT018,1829.439814282045
FDJ14,OUT049,1315.0441399929523
FDL52,OUT045,698.6690371475338
NCG19,OUT027,5781.179118724703
NCN41,OUT035,2074.4540284726663
FDW22,OUT013,3759.010811843109
FDI02,OUT013,1831.4608716149978
FDV51,OUT045,2592.2775766993514
FDV48,OUT046,1315.0441399929523
NCL17,OUT019,377.95209560517975
FDP46,OUT045,1372.178691734295
FDU10,OUT045,698.6690371475338
FDT37,OUT010,778.9915653712521
FDI27,OUT035,860.4511887599635
FDN51,OUT046,4038.908424697503
FDW07,OUT035,1413.9907532963643
FDN45,OUT049,3684.1087617058897
DRN37,OUT027,4053.2095277338176
DRF48,OUT049,3144.4969400087466
FDP38,OUT019,148.44862235180278
NCX18,OUT027,5117.143515332204
FDK45,OUT018,1699.605275292653
FDZ37,OUT049,1374.5800270615396
FDS50,OUT018,3376.1671526309483
NCR54,OUT018,2799.4877082794064
NCS17,OUT035,1580.905081901032
FDV31,OUT046,2934.2785725788776
DRE27,OUT017,1550.1678745561005
FDN60,OUT013,2623.608993246349
FDK26,OUT013,3144.4969400087466
FDX37,OUT018,1492.636739434074
FDW31,OUT046,3086.970807859976
FDX26,OUT018,2822.6946660894596
DRL49,OUT019,368.6496316265554
FDU49,OUT017,1365.9065081716462
FDY58,OUT046,3844.429290697427
FDN03,OUT045,3995.730923769503
NCV06,OUT010,525.7383066919215
FDH53,OUT045,1338.1539677395122
FDG31,OUT018,902.8519688621972
NCC06,OUT045,2191.347093189544
FDS13,OUT049,4014.1828526253817
FDP16,OUT035,3909.388145291347
FDA35,OUT013,2035.0433022378409
DRP47,OUT018,3661.6389904969524
FDY28,OUT010,607.2941189350377
FDY20,OUT035,1436.2817361142456
NCH30,OUT017,1831.4608716149978
NCR29,OUT019,131.78137225697782
NCP05,OUT013,2466.249097015131
NCF30,OUT019,371.9845362323313
FDA08,OUT035,2674.865803862176
FDN51,OUT027,5988.89671318066
FDH12,OUT046,1665.8742218399968
FDY39,OUT017,3144.4969400087466
NCO53,OUT045,3101.3194390807466
FDB40,OUT046,2474.922615905025
FDH02,OUT049,1396.8710098794209
FDY11,OUT027,1840.786594978696
FDQ09,OUT019,371.2971758391139
FDP16,OUT013,3911.4803782317263
NCF55,OUT018,534.9316359628199
FDY09,OUT027,4647.67183411649
FDY39,OUT045,3101.3194390807466
NCU53,OUT049,2635.4550776273513
NCT41,OUT049,2474.922615905025
FDJ45,OUT046,708.1691183687428
FDR28,OUT013,2635.4550776273513
FDN08,OUT013,1896.5352443585552
FDJ07,OUT049,1896.5352443585552
FDZ09,OUT027,4053.2095277338176
FDQ14,OUT017,2474.922615905025
FDY12,OUT027,1343.167451743894
FDK57,OUT046,2035.0433022378409
FDD20,OUT049,2035.0433022378409
FDS36,OUT018,1658.2233892090749
FDI40,OUT049,1665.8742218399968
FDJ40,OUT045,1788.283370686998
FDE08,OUT013,2474.922615905025
DRK01,OUT013,1550.1678745561005
FDC58,OUT049,732.7407722413353
FDE50,OUT046,3135.823421118853
FDX48,OUT035,2514.3333421398497
DRM35,OUT018,2646.467922522803
FDG41,OUT013,1665.8742218399968
FDB52,OUT046,3518.956656283786
FDV19,OUT045,2580.4314923183492
DRG48,OUT017,2474.922615905025
FDI26,OUT013,2934.2785725788776
FDU11,OUT019,371.9845362323313
FDF59,OUT019,383.6385779633833
FDR07,OUT049,1499.429474058245
NCE06,OUT017,2635.4550776273513
FDE10,OUT046,2121.078780989913
NCO55,OUT046,1665.8742218399968
FDZ13,OUT013,821.0404625251389
FDT50,OUT017,1550.1678745561005
FDH12,OUT010,363.58613939430177
FDD21,OUT045,1853.3577434305555
NCM05,OUT013,4085.6341840934306
FDK04,OUT013,943.0631708525694
FDN33,OUT017,1550.1678745561005
NCM18,OUT010,210.00011260522513
DRC25,OUT049,1374.5800270615396
FDT47,OUT017,1550.1678745561005
FDD45,OUT027,2560.0226190027292
NCD07,OUT018,1699.605275292653
NCY54,OUT010,502.6613104707421
FDL12,OUT049,984.3720251121658
FDL02,OUT017,1657.2007029501035
FDC60,OUT035,1436.2817361142456
FDR37,OUT017,2934.2785725788776
FDY16,OUT017,3135.823421118853
FDU26,OUT045,1951.6421122330662
FDN24,OUT013,877.8621024506448
FDH44,OUT013,2466.249097015131
FDE23,OUT010,148.44862235180278
FDW60,OUT017,2835.292591016427
FDQ55,OUT049,1896.5352443585552
FDV32,OUT027,1735.997513320825
FDV03,OUT010,375.117213466181
FDY14,OUT010,754.2659932991305
NCL55,OUT027,5988.89671318066
DRF25,OUT017,732.7407722413353
FDX03,OUT046,732.7407722413353
FDF40,OUT045,3826.799918128522
FDX24,OUT010,302.15357884034177
FDA25,OUT049,1665.8742218399968
FDH21,OUT018,2404.2476012936804
FDB47,OUT010,607.2941189350377
FDT34,OUT019,363.58613939430177
FDS39,OUT010,377.95209560517975
NCU05,OUT046,1315.0441399929523
FDE02,OUT049,1493.9953823341482
FDL25,OUT035,1436.2817361142456
FDC50,OUT049,1550.1678745561005
FDZ32,OUT049,1665.8742218399968
FDV14,OUT045,1356.4064269504372
FDR07,OUT045,1474.737155913119
FDB26,OUT049,877.8621024506448
NCR50,OUT045,2405.462710144249
FDP01,OUT018,2191.0882884564726
FDH57,OUT045,2077.901280061913
FDM60,OUT027,1131.7562800588203
FDA45,OUT017,2784.5541905185714
FDU55,OUT017,3910.290998062833
FDH40,OUT035,1395.7382940854393
FDG40,OUT019,35.577278195406365
FDT12,OUT049,3717.507852667905
DRL59,OUT045,868.3620212294358
FDT47,OUT018,1453.6210507546966
FDI60,OUT017,1076.0894512681207
DRF51,OUT027,1107.1846261862277
NCK31,OUT049,821.0404625251389
FDB08,OUT045,2580.4314923183492
FDM44,OUT035,1705.2849480748216
FDD46,OUT018,2222.132151948715
FDR27,OUT019,341.5566065496882
FDV56,OUT010,376.44061297235913
FDM02,OUT049,1374.5800270615396
FDU45,OUT018,1678.9498188706123
FDZ10,OUT017,2065.2268631401257
NCK31,OUT010,148.44862235180278
FDR27,OUT035,2160.4895072247377
FDF33,OUT013,1665.8742218399968
FDJ36,OUT046,1665.8742218399968
FDP33,OUT049,4005.509333735488
FDG17,OUT046,3878.650937946416
FDG47,OUT027,5988.89671318066
NCW29,OUT046,2065.2268631401257
DRH59,OUT017,1130.5471318963494
FDR32,OUT017,3819.7037186253056
FDP48,OUT035,3146.79937904156
FDG17,OUT035,3918.0616641812408
DRJ59,OUT017,732.7407722413353
FDY48,OUT027,2662.5107018679887
FDB02,OUT046,2835.292591016427
FDN10,OUT019,371.2971758391139
NCD55,OUT035,772.15149847616
FDX34,OUT013,2035.0433022378409
FDZ38,OUT045,2923.343263546981
DRF37,OUT049,4014.1828526253817
DRL47,OUT019,371.9845362323313
FDL27,OUT035,1115.5001775029455
NCP53,OUT035,3918.0616641812408
FDT03,OUT019,422.47910025867276
FDJ28,OUT035,3183.9076662435714
FDF40,OUT018,3503.8871857244467
FDA32,OUT035,3546.1643750570074
NCP02,OUT017,943.0631708525694
FDZ31,OUT045,3101.3194390807466
NCQ29,OUT013,4055.6858118005857
FDP57,OUT010,363.58613939430177
FDL32,OUT027,2974.383047106263
DRB01,OUT035,2431.518458019577
FDJ40,OUT046,1665.8742218399968
FDO24,OUT018,2404.2476012936804
FDO11,OUT018,3512.5607046143405
FDA56,OUT035,2034.2303393958907
FDF02,OUT045,1622.696720911997
FDA10,OUT013,2026.3697833479475
NCI55,OUT017,2026.3697833479475
FDZ40,OUT010,139.95947631896212
FDV08,OUT049,732.7407722413353
FDN48,OUT013,1396.8710098794209
FDU57,OUT017,2474.922615905025
DRF49,OUT013,1896.5352443585552
FDS02,OUT035,3183.9076662435714
FDS43,OUT046,3144.4969400087466
FDT16,OUT013,4080.411383872707
FDX19,OUT027,5839.267567154909
FDK15,OUT046,1626.8585331606196
DRA12,OUT049,2161.8875817546887
FDY35,OUT017,821.0404625251389
NCU42,OUT013,2847.784233154285
FDD26,OUT013,3144.4969400087466
FDR11,OUT018,2404.2476012936804
NCP53,OUT045,3835.473437018416
FDP34,OUT045,2471.782777095457
NCV41,OUT019,376.44061297235913
FDN20,OUT018,2471.893988458549
FDZ16,OUT018,2822.6946660894596
FDZ28,OUT049,2056.553344250232
NCL55,OUT013,4080.411383872707
NCJ17,OUT046,1374.5800270615396
FDT37,OUT046,4038.908424697503
FDV51,OUT049,2721.9792100269156
FDZ28,OUT035,2095.9640704850567
FDN27,OUT013,1845.7968438606997
FDS14,OUT019,396.7727191406482
FDZ58,OUT045,1991.8658013098411
FDD46,OUT046,2474.922615905025
FDJ03,OUT035,860.4511887599635
FDU03,OUT010,453.81838199924647
FDA33,OUT027,3748.6248488804604
NCW53,OUT035,3175.2341473536776
NCC55,OUT017,708.1691183687428
FDP52,OUT019,606.2742769699261
FDE39,OUT049,1994.819613161066
FDB44,OUT035,3546.1643750570074
FDG59,OUT013,708.1691183687428
FDI05,OUT013,1151.1869842076067
FDF59,OUT045,2022.049362212126
FDM39,OUT019,828.8956741835405
FDB14,OUT013,1388.1974909895275
NCS05,OUT019,365.8809246441584
DRJ35,OUT045,974.8719438909568
FDO31,OUT019,258.8324176870925
FDA31,OUT046,2835.292591016427
FDX40,OUT049,732.7407722413353
FDW56,OUT045,3964.3076883188
FDH09,OUT018,672.7503018082216
FDA52,OUT019,502.6613104707421
FDF20,OUT019,548.9452645019743
FDE40,OUT046,984.3720251121658
NCU17,OUT046,1665.8742218399968
NCP14,OUT035,1705.2849480748216
FDN25,OUT027,1659.414559947374
FDU39,OUT049,934.3896519626761
NCM05,OUT017,4044.1312249182265
FDU07,OUT017,2474.922615905025
FDF28,OUT049,2065.2268631401257
FDR57,OUT049,2623.608993246349
FDJ33,OUT013,2035.0433022378409
DRH23,OUT035,982.4738970873941
FDQ52,OUT046,4014.1828526253817
DRK13,OUT035,3183.9076662435714
FDP09,OUT046,3498.080129932289
FDR08,OUT027,2712.7361885649875
FDV50,OUT045,1991.8658013098411
FDT13,OUT049,3144.4969400087466
FDJ27,OUT027,2662.5107018679887
FDH21,OUT046,2623.608993246349
FDW14,OUT027,2367.7236696073232
FDL52,OUT049,732.7407722413353
FDW28,OUT017,3135.823421118853
FDL40,OUT049,1550.1678745561005
FDE24,OUT046,2161.8875817546887
FDX35,OUT049,3819.7037186253056
FDP46,OUT017,1374.5800270615396
FDX56,OUT045,3463.5761478941827
FDQ45,OUT049,3144.4969400087466
FDK50,OUT027,4020.702350610644
FDY26,OUT045,3454.902629004289
FDQ09,OUT017,1896.5352443585552
FDN39,OUT049,2713.3056911370218
FDP13,OUT017,732.7407722413353
FDR51,OUT013,2474.922615905025
FDZ49,OUT010,607.2941189350377
FDL28,OUT018,3478.3390573653514
FDZ10,OUT035,2104.6375893749505
FDK38,OUT013,2474.922615905025
DRL49,OUT027,3341.1139530454684
FDR15,OUT013,2474.922615905025
FDQ24,OUT035,4078.319150932328
FDD56,OUT013,2835.292591016427
NCR42,OUT046,708.1691183687428
FDH52,OUT045,1066.5893700469117
FDH57,OUT019,341.5566065496882
FDR15,OUT010,378.78253611548047
FDJ34,OUT035,2104.6375893749505
FDW37,OUT035,1524.7325896790796
FDQ23,OUT018,1492.636739434074
FDP34,OUT013,2623.608993246349
FDE04,OUT027,4760.955213105862
FDC48,OUT045,1305.5440587717433
FDA47,OUT019,409.5016487611652
FDI35,OUT018,2646.467922522803
NCV05,OUT013,2474.922615905025
FDR28,OUT045,2592.2775766993514
FDH31,OUT017,1550.1678745561005
FDP59,OUT019,363.58613939430177
FDS19,OUT018,1141.8066575870293
FDM60,OUT045,723.2406910201263
FDJ44,OUT018,2547.4819409603524
DRH51,OUT017,1374.5800270615396
DRC25,OUT017,1374.5800270615396
DRE25,OUT013,1493.9953823341482
NCX05,OUT049,1896.5352443585552
FDR11,OUT017,2623.608993246349
DRP47,OUT045,3971.0053516973817
DRC49,OUT019,283.9340452931097
FDQ47,OUT027,1107.1846261862277
FDL20,OUT013,1831.4608716149978
FDM34,OUT035,2151.815988334844
NCN55,OUT013,3920.15389712162
FDD41,OUT035,1705.2849480748216
FDE52,OUT049,1396.8710098794209
NCT18,OUT019,436.4321605807683
FDJ32,OUT018,811.1345427062425
FDE16,OUT046,3619.9773851099862
FDZ09,OUT045,2592.2775766993514
DRZ11,OUT046,2035.0433022378409
FDK41,OUT049,1374.5800270615396
FDE56,OUT049,984.3720251121658
FDH34,OUT013,3144.4969400087466
DRI49,OUT013,1315.0441399929523
DRI59,OUT046,3717.507852667905
DRC36,OUT049,2835.292591016427
FDS15,OUT019,363.58613939430177
FDI07,OUT018,2822.6946660894596
FDZ15,OUT018,1699.605275292653
NCX41,OUT027,5502.445752752667
NCO29,OUT019,424.87401158459426
FDF57,OUT013,2721.9792100269156
FDI33,OUT035,1520.3183184686482
DRJ47,OUT049,2826.6190721265334
FDB34,OUT046,1374.5800270615396
FDY22,OUT027,3318.225824152932
DRL11,OUT017,2623.608993246349
FDY46,OUT035,3175.2341473536776
FDG17,OUT013,3920.15389712162
FDE52,OUT018,1201.3425446556166
DRP47,OUT027,5964.171141108538
FDO01,OUT010,332.90017746552786
FDL09,OUT046,2713.3056911370218
FDR57,OUT013,2623.608993246349
DRD37,OUT035,860.4511887599635
FDQ36,OUT027,1131.7562800588203
FDL33,OUT049,3144.4969400087466
FDL48,OUT045,802.8668624140365
FDL28,OUT049,3844.429290697427
NCN29,OUT046,821.0404625251389
FDO13,OUT035,2674.865803862176
FDB38,OUT045,2583.6040578094576
FDI36,OUT035,3183.9076662435714
FDI58,OUT035,1436.2817361142456
FDH22,OUT018,1868.296894074223
FDQ27,OUT013,1665.8742218399968
FDT33,OUT046,2635.4550776273513
FDC56,OUT045,1862.2760250369804
FDF14,OUT046,2474.922615905025
FDQ39,OUT017,3144.4969400087466
NCM43,OUT017,2635.4550776273513
FDS46,OUT035,2034.2303393958907
FDI22,OUT049,3506.7536488221826
NCE43,OUT045,2678.8017090989156
FDZ36,OUT010,548.9452645019743
FDR13,OUT019,371.2971758391139
FDP46,OUT018,1223.633527473498
FDW56,OUT019,664.224169078942
FDB40,OUT017,2474.922615905025
FDM28,OUT018,2646.467922522803
FDV49,OUT013,4080.411383872707
NCS53,OUT018,2295.598886070788
FDO03,OUT049,4077.7800718642407
FDT15,OUT035,3183.9076662435714
FDD33,OUT049,3819.7037186253056
FDX13,OUT017,4038.908424697503
FDH60,OUT013,3135.823421118853
DRH51,OUT046,1374.5800270615396
NCL07,OUT049,732.7407722413353
FDW51,OUT045,3463.5761478941827
FDF21,OUT019,548.9452645019743
FDH26,OUT019,365.8809246441584
FDJ03,OUT049,821.0404625251389
FDU35,OUT017,1550.1678745561005
DRL01,OUT018,3750.543418074199
FDE59,OUT045,698.6690371475338
FDI60,OUT035,1115.5001775029455
DRH39,OUT035,1323.411002735535
FDK36,OUT049,821.0404625251389
FDN52,OUT045,1365.0799458403305
FDU12,OUT017,4014.1828526253817
NCT05,OUT027,5988.89671318066
FDS37,OUT027,2974.383047106263
FDK24,OUT017,821.0404625251389
DRF36,OUT013,4018.2008263842404
FDN46,OUT010,363.58613939430177
NCN06,OUT045,2592.2775766993514
FDD59,OUT035,1354.454866227777
FDM14,OUT045,1622.696720911997
FDO10,OUT018,769.825688446647
FDU35,OUT013,1550.1678745561005
NCA30,OUT018,2790.8141893895126
NCO41,OUT049,1550.1678745561005
FDI24,OUT046,2835.292591016427
FDZ16,OUT046,3144.4969400087466
FDV47,OUT046,1356.3275678506145
FDV16,OUT045,698.6690371475338
FDZ22,OUT035,1395.7382940854393
FDO20,OUT010,810.9411298208125
FDW38,OUT013,943.0631708525694
FDW52,OUT045,2592.2775766993514
FDT43,OUT019,148.44862235180278
NCS29,OUT045,3995.730923769503
NCC31,OUT017,2474.922615905025
FDA21,OUT017,3144.4969400087466
FDQ55,OUT046,1896.5352443585552
NCE54,OUT049,1184.6335250499837
FDD45,OUT017,1550.1678745561005
NCP17,OUT017,1067.4159323782274
FDR47,OUT035,3183.9076662435714
DRM35,OUT013,2835.292591016427
FDR47,OUT019,548.9452645019743
FDX19,OUT010,597.6007580800327
FDV22,OUT027,3748.6248488804604
FDQ46,OUT027,2963.2373644176264
DRO47,OUT045,1788.283370686998
FDB44,OUT010,607.2941189350377
FDN02,OUT010,607.2941189350377
FDW10,OUT045,2741.3766895905715
FDJ41,OUT019,778.9915653712521
FDM50,OUT046,943.0631708525694
FDW10,OUT035,2823.964916753396
FDY48,OUT049,1665.8742218399968
NCE30,OUT027,5444.3573043224615
FDO04,OUT045,933.5630896313604
FDQ26,OUT010,131.78137225697782
NCX29,OUT018,2222.132151948715
FDE39,OUT046,1896.5352443585552
NCR54,OUT027,5117.143515332204
NCP55,OUT027,1659.414559947374
FDX22,OUT017,3506.7536488221826
FDI05,OUT035,1190.5977104424314
FDC51,OUT027,3189.029887950151
FDC10,OUT013,1905.4535259649801
FDJ46,OUT045,2792.115090088427
FDV10,OUT010,60.14893206799871
FDX12,OUT027,5898.214786476021
FDL43,OUT019,258.8324176870925
DRB13,OUT046,3144.4969400087466
FDF59,OUT027,3280.7224670485234
FDT35,OUT049,2713.3056911370218
NCJ19,OUT035,973.8003781975008
FDT35,OUT018,2471.893988458549
FDI48,OUT046,821.0404625251389
DRC24,OUT019,375.117213466181
NCZ05,OUT017,1665.8742218399968
FDJ57,OUT049,3144.4969400087466
FDX11,OUT017,3144.4969400087466
FDE09,OUT035,1870.8715978498226
NCK06,OUT049,1994.819613161066
DRE37,OUT017,3144.4969400087466
FDV56,OUT046,1665.8742218399968
FDY43,OUT017,2721.9792100269156
FDV35,OUT013,2466.249097015131
FDF05,OUT019,778.9915653712521
FDA36,OUT035,3183.9076662435714
FDS13,OUT027,5964.171141108538
FDU47,OUT013,2161.8875817546887
FDI36,OUT010,548.9452645019743
FDH48,OUT046,1374.5800270615396
FDZ14,OUT013,2035.0433022378409
FDS46,OUT013,2035.0433022378409
FDE21,OUT017,1896.5352443585552
FDA26,OUT049,3506.7536488221826
FDV12,OUT046,1577.7424270158558
FDL46,OUT019,371.2971758391139
FDN57,OUT013,2153.214062864795
NCJ18,OUT017,1896.5352443585552
FDO36,OUT045,2882.427552760984
FDX55,OUT018,3165.412948785226
FDT25,OUT019,371.9845362323313
FDD16,OUT049,1142.5134653177133
NCX18,OUT013,3121.2899821986935
NCG55,OUT018,1699.605275292653
NCV18,OUT049,1726.4471433003164
NCS18,OUT035,1705.2849480748216
FDC37,OUT045,1622.696720911997
FDE47,OUT046,2035.0433022378409
DRG49,OUT019,606.2742769699261
FDC39,OUT049,3506.7536488221826
FDH24,OUT019,396.7727191406482
FDV39,OUT027,5140.350473142256
NCL17,OUT045,2118.7100808266887
NCY53,OUT035,1927.2724517034867
FDH52,OUT013,1076.0894512681207
NCD19,OUT018,769.825688446647
FDI44,OUT046,1215.6773885422258
DRD49,OUT027,5873.489214403899
FDN08,OUT035,1935.94597059338
FDO20,OUT027,6020.84627763022
FDY02,OUT046,4014.1828526253817
FDX23,OUT045,1469.3030641890223
FDX01,OUT017,1896.5352443585552
FDH20,OUT027,2560.0226190027292
NCX41,OUT017,3498.080129932289
FDD21,OUT027,2974.383047106263
DRH11,OUT019,131.78137225697782
DRE60,OUT018,3351.441580558827
FDB10,OUT013,3920.15389712162
FDH38,OUT013,1896.5352443585552
NCL07,OUT018,559.5032898354124
FDD48,OUT046,1896.5352443585552
NCT54,OUT027,2560.0226190027292
FDF32,OUT027,5140.350473142256
DRH51,OUT045,1365.0799458403305
DRG03,OUT035,2514.3333421398497
NCY42,OUT019,377.95209560517975
FDH32,OUT017,1550.1678745561005
NCJ06,OUT027,3189.029887950151
FDH47,OUT027,2560.0226190027292
FDZ08,OUT018,1183.0900854446916
FDK16,OUT017,1550.1678745561005
DRG01,OUT018,1042.4399061363029
NCM53,OUT027,2662.5107018679887
NCB07,OUT035,3152.0271895436244
NCZ06,OUT035,3986.831611540107
FDU48,OUT049,2112.405262100019
NCB55,OUT027,1659.414559947374
FDP15,OUT013,4453.814916419677
FDF17,OUT046,3144.4969400087466
NCN06,OUT049,2635.4550776273513
DRM48,OUT018,559.5032898354124
FDH10,OUT046,2845.5808432931058
FDC60,OUT018,1201.3425446556166
FDE35,OUT018,769.825688446647
DRI23,OUT013,2626.7815587374575
NCR38,OUT013,3997.59736337038
FDP04,OUT035,1070.78991169377
NCW17,OUT045,2077.901280061913
FDX34,OUT017,2035.0433022378409
NCK53,OUT045,1525.4755564109746
NCO54,OUT010,123.10785336708437
NCH55,OUT046,2065.2268631401257
FDT44,OUT027,2974.383047106263
DRG49,OUT046,3878.650937946416
FDX46,OUT010,131.78137225697782
DRG36,OUT049,2835.292591016427
FDU37,OUT049,1356.3275678506145
FDK10,OUT049,2934.2785725788776
DRF37,OUT027,5964.171141108538
FDC44,OUT035,1891.59802751136
FDP15,OUT046,4387.586385172352
FDZ27,OUT027,1343.167451743894
FDY22,OUT019,349.07282671694065
DRG51,OUT035,2674.865803862176
FDN58,OUT045,3787.5673083028014
FDW01,OUT049,2474.922615905025
FDX24,OUT018,1320.7578999282252
FDO51,OUT017,732.7407722413353
FDJ52,OUT027,4053.2095277338176
NCY06,OUT010,341.5566065496882
FDE20,OUT018,2480.5675073484426
FDT23,OUT010,258.8324176870925
FDQ51,OUT046,821.0404625251389
FDE35,OUT046,984.3720251121658
FDB46,OUT013,3506.7536488221826
NCG19,OUT035,3792.352477540031
NCL06,OUT018,3628.2761141388683
FDT36,OUT019,35.577278195406365
FDC56,OUT049,2035.0433022378409
FDJ26,OUT049,3506.7536488221826
FDZ59,OUT017,2721.9792100269156
FDV11,OUT027,4647.67183411649
FDR13,OUT010,371.2971758391139
FDI15,OUT018,3661.6389904969524
FDF47,OUT018,3052.525483843186
NCB54,OUT019,341.5566065496882
NCK19,OUT027,5140.350473142256
FDX16,OUT017,2474.922615905025
FDL50,OUT045,2022.049362212126
NCE31,OUT035,747.5798446035675
DRJ01,OUT049,2359.618426425932
FDE22,OUT013,2623.608993246349
FDY20,OUT019,302.15357884034177
NCO14,OUT045,723.2406910201263
NCR50,OUT017,2448.640211072249
DRM47,OUT017,3144.4969400087466
FDO27,OUT010,358.326071062294
FDJ20,OUT027,3189.029887950151
NCX17,OUT013,3596.512228333858
FDG59,OUT049,708.1691183687428
FDD52,OUT045,1614.0232020221038
FDO48,OUT017,3717.507852667905
FDC59,OUT019,210.00011260522513
FDS15,OUT018,1492.636739434074
FDB47,OUT035,3546.1643750570074
FDV14,OUT019,299.1094221260974
FDB27,OUT013,3144.4969400087466
FDA35,OUT035,2074.4540284726663
FDN51,OUT018,3686.3645625690738
FDO39,OUT019,548.9452645019743
FDB28,OUT049,3144.4969400087466
DRJ25,OUT046,821.0404625251389
FDH46,OUT027,2662.5107018679887
FDI10,OUT045,2792.115090088427
FDU21,OUT018,534.9316359628199
FDD09,OUT049,2934.2785725788776
FDD10,OUT046,2902.488699815789
FDN31,OUT010,548.9452645019743
FDA46,OUT018,2822.6946660894596
FDM56,OUT046,1665.8742218399968
FDF11,OUT010,630.9998490420477
FDS32,OUT018,1924.14881192401
NCM06,OUT013,2474.922615905025
FDZ26,OUT045,3810.7478649462946
FDO01,OUT013,2070.340380492057
FDJ46,OUT049,2835.292591016427
FDG26,OUT019,754.2659932991305
FDZ38,OUT035,3277.68325256499
NCO55,OUT013,1665.8742218399968
FDT60,OUT035,2074.4540284726663
FDW37,OUT049,1485.3218634442549
NCK42,OUT018,3107.3245003550205
FDA45,OUT046,2784.5541905185714
FDW55,OUT018,3743.039699090756
FDY44,OUT017,3144.4969400087466
FDQ31,OUT017,1374.5800270615396
FDM09,OUT049,2835.292591016427
FDH12,OUT018,1492.636739434074
NCQ43,OUT035,1705.2849480748216
FDT33,OUT035,2761.3899362617403
NCT41,OUT018,2222.132151948715
DRJ25,OUT010,148.44862235180278
NCQ41,OUT046,3144.4969400087466
NCN17,OUT049,1665.8742218399968
DRO35,OUT027,2974.383047106263
FDU27,OUT018,639.129461229323
FDY43,OUT027,4308.008827088744
FDG46,OUT035,1935.94597059338
DRL49,OUT018,2212.8296879700906
NCB55,OUT049,943.0631708525694
FDK28,OUT049,4376.504872449938
FDO49,OUT045,811.5403813039298
FDT03,OUT013,2399.6135858535185
FDW33,OUT027,2662.5107018679887
FDR02,OUT035,1870.8715978498226
FDF50,OUT013,3144.4969400087466
FDA40,OUT018,1223.633527473498
NCT53,OUT018,2394.0433749488784
FDY60,OUT035,2201.2983079895134
FDP44,OUT027,2662.5107018679887
NCQ50,OUT045,3396.8141805740834
NCC30,OUT017,2934.2785725788776
FDQ60,OUT018,1797.8896440951637
FDG41,OUT046,1665.8742218399968
FDQ03,OUT046,3760.8152048066027
FDM03,OUT045,1622.696720911997
FDZ51,OUT018,1320.7578999282252
DRF51,OUT035,772.15149847616
FDF39,OUT017,4084.3234279266885
FDW52,OUT035,2674.865803862176
FDY22,OUT049,2474.922615905025
FDG14,OUT013,2616.787364165795
FDA57,OUT017,724.067253351442
FDL45,OUT019,383.6385779633833
FDX28,OUT046,1550.1678745561005
NCQ54,OUT013,2721.9792100269156
FDH40,OUT045,1305.5440587717433
FDU52,OUT035,2663.019719481174
FDT60,OUT010,371.9845362323313
FDK08,OUT045,1553.05010887073
FDN04,OUT049,2934.2785725788776
FDE50,OUT013,3135.823421118853
FDI16,OUT049,845.9877842141441
FDM50,OUT049,984.3720251121658
NCV30,OUT049,1022.7056665690517
FDT44,OUT013,1896.5352443585552
FDY60,OUT013,2474.922615905025
FDT56,OUT017,943.0631708525694
FDV58,OUT018,2523.7785693738188
FDU04,OUT013,2035.0433022378409
NCN05,OUT027,5140.350473142256
FDI53,OUT018,2394.0433749488784
FDD34,OUT046,2635.4550776273513
FDW47,OUT027,3189.029887950151
FDT51,OUT027,2963.2373644176264
FDO27,OUT013,1550.1678745561005
NCQ18,OUT018,1492.636739434074
NCW05,OUT013,1657.2007029501035
FDI15,OUT010,754.2659932991305
NCH43,OUT010,122.43262785614449
FDT40,OUT049,2065.2268631401257
NCG19,OUT017,3752.9417513052063
NCM30,OUT035,763.4779795862667
FDB38,OUT017,2614.9354743564554
FDB22,OUT046,2474.922615905025
FDC58,OUT046,732.7407722413353
NCI29,OUT013,2161.8875817546887
FDA23,OUT010,363.58613939430177
DRG48,OUT013,2474.922615905025
FDV21,OUT013,2065.2268631401257
NCG18,OUT019,363.58613939430177
FDG40,OUT045,698.6690371475338
FDU24,OUT018,1376.9303921501776
FDA22,OUT049,2721.9792100269156
FDY35,OUT046,821.0404625251389
FDJ15,OUT045,3101.3194390807466
NCW18,OUT018,3454.472256184135
FDK56,OUT018,2822.6946660894596
FDF44,OUT046,2229.6721394584424
FDP51,OUT049,1994.819613161066
FDU22,OUT027,2974.383047106263
FDM28,OUT017,2934.2785725788776
NCL42,OUT046,4637.445719329839
FDJ15,OUT019,548.9452645019743
FDI32,OUT018,1699.605275292653
DRL11,OUT046,2623.608993246349
DRO59,OUT018,977.9495018016835
FDA07,OUT019,371.9845362323313
NCO53,OUT013,3144.4969400087466
FDO21,OUT045,3295.200253304668
FDW39,OUT045,2891.1010716508777
NCV17,OUT013,2112.405262100019
FDE22,OUT046,2623.608993246349
NCB06,OUT018,2404.2476012936804
DRF48,OUT017,3144.4969400087466
FDB05,OUT013,3895.4283250494987
FDP28,OUT027,5964.171141108538
FDP23,OUT046,3506.7536488221826
NCS41,OUT018,1884.9199996440202
FDS40,OUT018,559.5032898354124
FDA16,OUT017,3506.7536488221826
FDN20,OUT035,2752.7164173718465
FDF04,OUT027,5988.89671318066
DRG36,OUT018,2480.5675073484426
FDW16,OUT018,1320.7578999282252
FDU09,OUT017,1033.1998595439804
FDW01,OUT046,2474.922615905025
FDB15,OUT045,3971.0053516973817
NCJ17,OUT049,1374.5800270615396
NCT18,OUT018,2799.4877082794064
FDG16,OUT018,3165.412948785226
FDP27,OUT017,3144.4969400087466
FDQ44,OUT027,3189.029887950151
FDL50,OUT027,3280.7224670485234
FDW57,OUT027,4760.955213105862
FDS34,OUT013,1887.861725468662
NCV30,OUT035,1015.109232457097
FDD26,OUT018,2822.6946660894596
FDA03,OUT045,2423.071596087131
FDS27,OUT018,2787.374642924377
FDM12,OUT013,3144.4969400087466
NCV42,OUT027,2963.2373644176264
NCS41,OUT046,2940.9370566569796
FDN56,OUT018,1909.0971177983772
DRK59,OUT046,3524.6866717256808
NCG18,OUT046,1665.8742218399968
NCN26,OUT017,1896.5352443585552
FDI60,OUT027,1833.6145087004552
NCI43,OUT049,812.3669436352455
NCL17,OUT049,2161.8875817546887
FDQ19,OUT019,630.9998490420477
FDY43,OUT049,2721.9792100269156
FDR36,OUT049,732.7407722413353
FDJ58,OUT049,2835.292591016427
DRY23,OUT045,723.2406910201263
FDK26,OUT027,5140.350473142256
DRH03,OUT045,1525.4755564109746
FDC10,OUT010,371.00055374940877
FDD23,OUT013,3144.4969400087466
FDP32,OUT045,2022.049362212126
FDO31,OUT035,1354.454866227777
FDQ57,OUT013,2474.922615905025
FDX32,OUT027,3748.6248488804604
FDC39,OUT027,5502.445752752667
FDU55,OUT046,4736.803950810745
FDL45,OUT013,2035.0433022378409
DRK37,OUT049,3321.7351738542698
FDK22,OUT013,3506.7536488221826
DRG37,OUT027,3748.6248488804604
FDK22,OUT017,3506.7536488221826
DRH36,OUT018,957.3096494904258
DRC36,OUT018,2547.4819409603524
DRE03,OUT027,1220.0559703426243
FDF34,OUT046,3144.4969400087466
FDZ22,OUT046,1356.3275678506145
FDC44,OUT010,371.2971758391139
FDN31,OUT027,5140.350473142256
FDO03,OUT017,4077.7800718642407
FDA01,OUT049,984.3720251121658
NCH42,OUT049,3786.3408422672214
FDF46,OUT018,1699.605275292653
DRL35,OUT046,732.7407722413353
FDW46,OUT049,1076.0894512681207
FDB58,OUT046,2161.8875817546887
FDD47,OUT018,2480.5675073484426
NCO17,OUT045,1853.3577434305555
FDJ26,OUT017,3506.7536488221826
FDU37,OUT045,1305.5440587717433
